understat_match_id,fpl_match_id,season,gw,home_code,away_code,kick_date,method,reason
28778,25-26-prem-liverpool-vs-afc-bournemouth,2025-2026,1,14,91,2025-08-15,date_teams,
28779,25-26-prem-aston-villa-vs-newcastle-united,2025-2026,1,7,4,2025-08-16,date_teams,
28780,25-26-prem-brighton-hove-albion-vs-fulham,2025-2026,1,36,54,2025-08-16,date_teams,
28781,25-26-prem-sunderland-vs-west-ham-united,2025-2026,1,56,21,2025-08-16,date_teams,
28782,25-26-prem-tottenham-hotspur-vs-burnley,2025-2026,1,6,90,2025-08-16,date_teams,
28783,25-26-prem-wolverhampton-wanderers-vs-manchester-city,2025-2026,1,39,43,2025-08-16,date_teams,
28784,25-26-prem-chelsea-vs-crystal-palace,2025-2026,1,8,31,2025-08-17,date_teams,
28785,25-26-prem-nottingham-forest-vs-brentford,2025-2026,1,17,94,2025-08-17,date_teams,
28786,25-26-prem-manchester-united-vs-arsenal,2025-2026,1,1,3,2025-08-17,date_teams,
28787,25-26-prem-leeds-united-vs-everton,2025-2026,1,2,11,2025-08-18,date_teams,
28788,25-26-prem-west-ham-united-vs-chelsea,2025-2026,2,21,8,2025-08-22,date_teams,
28789,25-26-prem-manchester-city-vs-tottenham-hotspur,2025-2026,2,43,6,2025-08-23,date_teams,
28790,25-26-prem-brentford-vs-aston-villa,2025-2026,2,94,7,2025-08-23,date_teams,
28791,25-26-prem-burnley-vs-sunderland,2025-2026,2,90,56,2025-08-23,date_teams,
28792,25-26-prem-afc-bournemouth-vs-wolverhampton-wanderers,2025-2026,2,91,39,2025-08-23,date_teams,
28793,25-26-prem-arsenal-vs-leeds-united,2025-2026,2,3,2,2025-08-23,date_teams,
28794,25-26-prem-crystal-palace-vs-nottingham-forest,2025-2026,2,31,17,2025-08-24,date_teams,
28795,25-26-prem-everton-vs-brighton-hove-albion,2025-2026,2,11,36,2025-08-24,date_teams,
28796,25-26-prem-fulham-vs-manchester-united,2025-2026,2,54,1,2025-08-24,date_teams,
28797,25-26-prem-newcastle-united-vs-liverpool,2025-2026,2,4,14,2025-08-25,date_teams,
28798,25-26-prem-chelsea-vs-fulham,2025-2026,3,8,54,2025-08-30,date_teams,
28799,25-26-prem-tottenham-hotspur-vs-afc-bournemouth,2025-2026,3,6,91,2025-08-30,date_teams,
28800,25-26-prem-wolverhampton-wanderers-vs-everton,2025-2026,3,39,11,2025-08-30,date_teams,
28801,25-26-prem-sunderland-vs-brentford,2025-2026,3,56,94,2025-08-30,date_teams,
28802,25-26-prem-manchester-united-vs-burnley,2025-2026,3,1,90,2025-08-30,date_teams,
28803,25-26-prem-leeds-united-vs-newcastle-united,2025-2026,3,2,4,2025-08-30,date_teams,
28804,25-26-prem-nottingham-forest-vs-west-ham-united,2025-2026,3,17,21,2025-08-31,date_teams,
28805,25-26-prem-brighton-hove-albion-vs-manchester-city,2025-2026,3,36,43,2025-08-31,date_teams,
28806,25-26-prem-liverpool-vs-arsenal,2025-2026,3,14,3,2025-08-31,date_teams,
28807,25-26-prem-aston-villa-vs-crystal-palace,2025-2026,3,7,31,2025-08-31,date_teams,
28808,25-26-prem-arsenal-vs-nottingham-forest,2025-2026,4,3,17,2025-09-13,date_teams,
28809,25-26-prem-newcastle-united-vs-wolverhampton-wanderers,2025-2026,4,4,39,2025-09-13,date_teams,
28810,25-26-prem-afc-bournemouth-vs-brighton-hove-albion,2025-2026,4,91,36,2025-09-13,date_teams,
28811,25-26-prem-crystal-palace-vs-sunderland,2025-2026,4,31,56,2025-09-13,date_teams,
28812,25-26-prem-everton-vs-aston-villa,2025-2026,4,11,7,2025-09-13,date_teams,
28813,25-26-prem-fulham-vs-leeds-united,2025-2026,4,54,2,2025-09-13,date_teams,
28814,25-26-prem-west-ham-united-vs-tottenham-hotspur,2025-2026,4,21,6,2025-09-13,date_teams,
28815,25-26-prem-brentford-vs-chelsea,2025-2026,4,94,8,2025-09-13,date_teams,
28816,25-26-prem-burnley-vs-liverpool,2025-2026,4,90,14,2025-09-14,date_teams,
28817,25-26-prem-manchester-city-vs-manchester-united,2025-2026,4,43,1,2025-09-14,date_teams,
28818,25-26-prem-liverpool-vs-everton,2025-2026,5,14,11,2025-09-20,date_teams,
28819,25-26-prem-west-ham-united-vs-crystal-palace,2025-2026,5,21,31,2025-09-20,date_teams,
28820,25-26-prem-wolverhampton-wanderers-vs-leeds-united,2025-2026,5,39,2,2025-09-20,date_teams,
28821,25-26-prem-brighton-hove-albion-vs-tottenham-hotspur,2025-2026,5,36,6,2025-09-20,date_teams,
28822,25-26-prem-burnley-vs-nottingham-forest,2025-2026,5,90,17,2025-09-20,date_teams,
28823,25-26-prem-afc-bournemouth-vs-newcastle-united,2025-2026,5,91,4,2025-09-21,date_teams,
28824,25-26-prem-manchester-united-vs-chelsea,2025-2026,5,1,8,2025-09-20,date_teams,
28825,25-26-prem-fulham-vs-brentford,2025-2026,5,54,94,2025-09-20,date_teams,
28826,25-26-prem-sunderland-vs-aston-villa,2025-2026,5,56,7,2025-09-21,date_teams,
28827,25-26-prem-arsenal-vs-manchester-city,2025-2026,5,3,43,2025-09-21,date_teams,
28828,25-26-prem-brentford-vs-manchester-united,2025-2026,6,94,1,2025-09-27,date_teams,
28829,25-26-prem-chelsea-vs-brighton-hove-albion,2025-2026,6,8,36,2025-09-27,date_teams,
28830,25-26-prem-crystal-palace-vs-liverpool,2025-2026,6,31,14,2025-09-27,date_teams,
28831,25-26-prem-aston-villa-vs-fulham,2025-2026,6,7,54,2025-09-28,date_teams,
28832,25-26-prem-leeds-united-vs-afc-bournemouth,2025-2026,6,2,91,2025-09-27,date_teams,
28833,25-26-prem-manchester-city-vs-burnley,2025-2026,6,43,90,2025-09-27,date_teams,
28834,25-26-prem-nottingham-forest-vs-sunderland,2025-2026,6,17,56,2025-09-27,date_teams,
28835,25-26-prem-tottenham-hotspur-vs-wolverhampton-wanderers,2025-2026,6,6,39,2025-09-27,date_teams,
28836,25-26-prem-newcastle-united-vs-arsenal,2025-2026,6,4,3,2025-09-28,date_teams,
28837,25-26-prem-everton-vs-west-ham-united,2025-2026,6,11,21,2025-09-29,date_teams,
28838,25-26-prem-afc-bournemouth-vs-fulham,2025-2026,7,91,54,2025-10-03,date_teams,
28839,25-26-prem-arsenal-vs-west-ham-united,2025-2026,7,3,21,2025-10-04,date_teams,
28840,25-26-prem-aston-villa-vs-burnley,2025-2026,7,7,90,2025-10-05,date_teams,
28841,25-26-prem-brentford-vs-manchester-city,2025-2026,7,94,43,2025-10-05,date_teams,
28842,25-26-prem-chelsea-vs-liverpool,2025-2026,7,8,14,2025-10-04,date_teams,
28843,25-26-prem-everton-vs-crystal-palace,2025-2026,7,11,31,2025-10-05,date_teams,
28844,25-26-prem-leeds-united-vs-tottenham-hotspur,2025-2026,7,2,6,2025-10-04,date_teams,
28845,25-26-prem-manchester-united-vs-sunderland,2025-2026,7,1,56,2025-10-04,date_teams,
28846,25-26-prem-newcastle-united-vs-nottingham-forest,2025-2026,7,4,17,2025-10-05,date_teams,
28847,25-26-prem-wolverhampton-wanderers-vs-brighton-hove-albion,2025-2026,7,39,36,2025-10-05,date_teams,
28848,25-26-prem-brighton-hove-albion-vs-newcastle-united,2025-2026,8,36,4,2025-10-18,date_teams,
28849,25-26-prem-burnley-vs-leeds-united,2025-2026,8,90,2,2025-10-18,date_teams,
28850,25-26-prem-crystal-palace-vs-afc-bournemouth,2025-2026,8,31,91,2025-10-18,date_teams,
28851,25-26-prem-fulham-vs-arsenal,2025-2026,8,54,3,2025-10-18,date_teams,
28852,25-26-prem-liverpool-vs-manchester-united,2025-2026,8,14,1,2025-10-19,date_teams,
28853,25-26-prem-manchester-city-vs-everton,2025-2026,8,43,11,2025-10-18,date_teams,
28854,25-26-prem-nottingham-forest-vs-chelsea,2025-2026,8,17,8,2025-10-18,date_teams,
28855,25-26-prem-sunderland-vs-wolverhampton-wanderers,2025-2026,8,56,39,2025-10-18,date_teams,
28856,25-26-prem-tottenham-hotspur-vs-aston-villa,2025-2026,8,6,7,2025-10-19,date_teams,
28857,25-26-prem-west-ham-united-vs-brentford,2025-2026,8,21,94,2025-10-20,date_teams,
28858,25-26-prem-afc-bournemouth-vs-nottingham-forest,2025-2026,9,91,17,2025-10-26,date_teams,
28859,25-26-prem-arsenal-vs-crystal-palace,2025-2026,9,3,31,2025-10-26,date_teams,
28860,25-26-prem-aston-villa-vs-manchester-city,2025-2026,9,7,43,2025-10-26,date_teams,
28861,25-26-prem-brentford-vs-liverpool,2025-2026,9,94,14,2025-10-25,date_teams,
28862,25-26-prem-chelsea-vs-sunderland,2025-2026,9,8,56,2025-10-25,date_teams,
28863,25-26-prem-everton-vs-tottenham-hotspur,2025-2026,9,11,6,2025-10-26,date_teams,
28864,25-26-prem-leeds-united-vs-west-ham-united,2025-2026,9,2,21,2025-10-24,date_teams,
28865,25-26-prem-manchester-united-vs-brighton-hove-albion,2025-2026,9,1,36,2025-10-25,date_teams,
28866,25-26-prem-newcastle-united-vs-fulham,2025-2026,9,4,54,2025-10-25,date_teams,
28867,25-26-prem-wolverhampton-wanderers-vs-burnley,2025-2026,9,39,90,2025-10-26,date_teams,
28868,25-26-prem-brighton-hove-albion-vs-leeds-united,2025-2026,10,36,2,2025-11-01,date_teams,
28869,25-26-prem-burnley-vs-arsenal,2025-2026,10,90,3,2025-11-01,date_teams,
28870,25-26-prem-crystal-palace-vs-brentford,2025-2026,10,31,94,2025-11-01,date_teams,
28871,25-26-prem-fulham-vs-wolverhampton-wanderers,2025-2026,10,54,39,2025-11-01,date_teams,
28872,25-26-prem-liverpool-vs-aston-villa,2025-2026,10,14,7,2025-11-01,date_teams,
28873,25-26-prem-manchester-city-vs-afc-bournemouth,2025-2026,10,43,91,2025-11-02,date_teams,
28874,25-26-prem-nottingham-forest-vs-manchester-united,2025-2026,10,17,1,2025-11-01,date_teams,
28875,25-26-prem-sunderland-vs-everton,2025-2026,10,56,11,2025-11-03,date_teams,
28876,25-26-prem-tottenham-hotspur-vs-chelsea,2025-2026,10,6,8,2025-11-01,date_teams,
28877,25-26-prem-west-ham-united-vs-newcastle-united,2025-2026,10,21,4,2025-11-02,date_teams,
28878,25-26-prem-aston-villa-vs-afc-bournemouth,2025-2026,11,7,91,2025-11-09,date_teams,
28879,25-26-prem-brentford-vs-newcastle-united,2025-2026,11,94,4,2025-11-09,date_teams,
28880,25-26-prem-chelsea-vs-wolverhampton-wanderers,2025-2026,11,8,39,2025-11-08,date_teams,
28881,25-26-prem-crystal-palace-vs-brighton-hove-albion,2025-2026,11,31,36,2025-11-09,date_teams,
28882,25-26-prem-everton-vs-fulham,2025-2026,11,11,54,2025-11-08,date_teams,
28883,25-26-prem-manchester-city-vs-liverpool,2025-2026,11,43,14,2025-11-09,date_teams,
28884,25-26-prem-nottingham-forest-vs-leeds-united,2025-2026,11,17,2,2025-11-09,date_teams,
28885,25-26-prem-sunderland-vs-arsenal,2025-2026,11,56,3,2025-11-08,date_teams,
28886,25-26-prem-tottenham-hotspur-vs-manchester-united,2025-2026,11,6,1,2025-11-08,date_teams,
28887,25-26-prem-west-ham-united-vs-burnley,2025-2026,11,21,90,2025-11-08,date_teams,
28888,25-26-prem-afc-bournemouth-vs-west-ham-united,2025-2026,12,91,21,2025-11-22,date_teams,
28889,25-26-prem-arsenal-vs-tottenham-hotspur,2025-2026,12,3,6,2025-11-23,date_teams,
28890,25-26-prem-brighton-hove-albion-vs-brentford,2025-2026,12,36,94,2025-11-22,date_teams,
28891,25-26-prem-burnley-vs-chelsea,2025-2026,12,90,8,2025-11-22,date_teams,
28892,25-26-prem-fulham-vs-sunderland,2025-2026,12,54,56,2025-11-22,date_teams,
28893,25-26-prem-leeds-united-vs-aston-villa,2025-2026,12,2,7,2025-11-23,date_teams,
28894,25-26-prem-liverpool-vs-nottingham-forest,2025-2026,12,14,17,2025-11-22,date_teams,
28895,25-26-prem-manchester-united-vs-everton,2025-2026,12,1,11,2025-11-24,date_teams,
28896,25-26-prem-newcastle-united-vs-manchester-city,2025-2026,12,4,43,2025-11-22,date_teams,
28897,25-26-prem-wolverhampton-wanderers-vs-crystal-palace,2025-2026,12,39,31,2025-11-22,date_teams,
28898,25-26-prem-aston-villa-vs-wolverhampton-wanderers,2025-2026,13,7,39,2025-11-30,date_teams,
28899,25-26-prem-brentford-vs-burnley,2025-2026,13,94,90,2025-11-29,date_teams,
28900,25-26-prem-chelsea-vs-arsenal,2025-2026,13,8,3,2025-11-30,date_teams,
28901,25-26-prem-crystal-palace-vs-manchester-united,2025-2026,13,31,1,2025-11-30,date_teams,
28902,25-26-prem-everton-vs-newcastle-united,2025-2026,13,11,4,2025-11-29,date_teams,
28903,25-26-prem-manchester-city-vs-leeds-united,2025-2026,13,43,2,2025-11-29,date_teams,
28904,25-26-prem-nottingham-forest-vs-brighton-hove-albion,2025-2026,13,17,36,2025-11-30,date_teams,
28905,25-26-prem-sunderland-vs-afc-bournemouth,2025-2026,13,56,91,2025-11-29,date_teams,
28906,25-26-prem-tottenham-hotspur-vs-fulham,2025-2026,13,6,54,2025-11-29,date_teams,
28907,25-26-prem-west-ham-united-vs-liverpool,2025-2026,13,21,14,2025-11-30,date_teams,
28908,25-26-prem-afc-bournemouth-vs-everton,2025-2026,14,91,11,2025-12-02,date_teams,
28909,25-26-prem-arsenal-vs-brentford,2025-2026,14,3,94,2025-12-03,date_teams,
28910,25-26-prem-brighton-hove-albion-vs-aston-villa,2025-2026,14,36,7,2025-12-03,date_teams,
28911,25-26-prem-burnley-vs-crystal-palace,2025-2026,14,90,31,2025-12-03,date_teams,
28912,25-26-prem-fulham-vs-manchester-city,2025-2026,14,54,43,2025-12-02,date_teams,
28913,25-26-prem-leeds-united-vs-chelsea,2025-2026,14,2,8,2025-12-03,date_teams,
28914,25-26-prem-liverpool-vs-sunderland,2025-2026,14,14,56,2025-12-03,date_teams,
28915,25-26-prem-manchester-united-vs-west-ham-united,2025-2026,14,1,21,2025-12-04,date_teams,
28916,25-26-prem-newcastle-united-vs-tottenham-hotspur,2025-2026,14,4,6,2025-12-02,date_teams,
28917,25-26-prem-wolverhampton-wanderers-vs-nottingham-forest,2025-2026,14,39,17,2025-12-03,date_teams,
28918,25-26-prem-afc-bournemouth-vs-chelsea,2025-2026,15,91,8,2025-12-06,date_teams,
28919,25-26-prem-aston-villa-vs-arsenal,2025-2026,15,7,3,2025-12-06,date_teams,
28920,25-26-prem-brighton-hove-albion-vs-west-ham-united,2025-2026,15,36,21,2025-12-07,date_teams,
28921,25-26-prem-everton-vs-nottingham-forest,2025-2026,15,11,17,2025-12-06,date_teams,
28922,25-26-prem-fulham-vs-crystal-palace,2025-2026,15,54,31,2025-12-07,date_teams,
28923,25-26-prem-leeds-united-vs-liverpool,2025-2026,15,2,14,2025-12-06,date_teams,
28924,25-26-prem-manchester-city-vs-sunderland,2025-2026,15,43,56,2025-12-06,date_teams,
28925,25-26-prem-newcastle-united-vs-burnley,2025-2026,15,4,90,2025-12-06,date_teams,
28926,25-26-prem-tottenham-hotspur-vs-brentford,2025-2026,15,6,94,2025-12-06,date_teams,
28927,25-26-prem-wolverhampton-wanderers-vs-manchester-united,2025-2026,15,39,1,2025-12-08,date_teams,
28928,25-26-prem-arsenal-vs-wolverhampton-wanderers,2025-2026,16,3,39,2025-12-13,date_teams,
28929,25-26-prem-brentford-vs-leeds-united,2025-2026,16,94,2,2025-12-14,date_teams,
28930,25-26-prem-burnley-vs-fulham,2025-2026,16,90,54,2025-12-13,date_teams,
28931,25-26-prem-chelsea-vs-everton,2025-2026,16,8,11,2025-12-13,date_teams,
28932,25-26-prem-crystal-palace-vs-manchester-city,2025-2026,16,31,43,2025-12-14,date_teams,
28933,25-26-prem-liverpool-vs-brighton-hove-albion,2025-2026,16,14,36,2025-12-13,date_teams,
28934,25-26-prem-manchester-united-vs-afc-bournemouth,2025-2026,16,1,91,2025-12-15,date_teams,
28935,25-26-prem-nottingham-forest-vs-tottenham-hotspur,2025-2026,16,17,6,2025-12-14,date_teams,
28936,25-26-prem-sunderland-vs-newcastle-united,2025-2026,16,56,4,2025-12-14,date_teams,
28937,25-26-prem-west-ham-united-vs-aston-villa,2025-2026,16,21,7,2025-12-14,date_teams,
28938,25-26-prem-afc-bournemouth-vs-burnley,2025-2026,17,91,90,2025-12-20,date_teams,
28939,25-26-prem-aston-villa-vs-manchester-united,2025-2026,17,7,1,2025-12-21,date_teams,
28940,25-26-prem-brighton-hove-albion-vs-sunderland,2025-2026,17,36,56,2025-12-20,date_teams,
28941,25-26-prem-everton-vs-arsenal,2025-2026,17,11,3,2025-12-20,date_teams,
28942,25-26-prem-fulham-vs-nottingham-forest,2025-2026,17,54,17,2025-12-22,date_teams,
28943,25-26-prem-leeds-united-vs-crystal-palace,2025-2026,17,2,31,2025-12-20,date_teams,
28944,25-26-prem-manchester-city-vs-west-ham-united,2025-2026,17,43,21,2025-12-20,date_teams,
28945,25-26-prem-newcastle-united-vs-chelsea,2025-2026,17,4,8,2025-12-20,date_teams,
28946,25-26-prem-tottenham-hotspur-vs-liverpool,2025-2026,17,6,14,2025-12-20,date_teams,
28947,25-26-prem-wolverhampton-wanderers-vs-brentford,2025-2026,17,39,94,2025-12-20,date_teams,
28948,25-26-prem-arsenal-vs-brighton-hove-albion,2025-2026,18,3,36,2025-12-27,date_teams,
28949,25-26-prem-brentford-vs-afc-bournemouth,2025-2026,18,94,91,2025-12-27,date_teams,
28950,25-26-prem-burnley-vs-everton,2025-2026,18,90,11,2025-12-27,date_teams,
28951,25-26-prem-chelsea-vs-aston-villa,2025-2026,18,8,7,2025-12-27,date_teams,
28952,25-26-prem-crystal-palace-vs-tottenham-hotspur,2025-2026,18,31,6,2025-12-28,date_teams,
28953,25-26-prem-liverpool-vs-wolverhampton-wanderers,2025-2026,18,14,39,2025-12-27,date_teams,
28954,25-26-prem-manchester-united-vs-newcastle-united,2025-2026,18,1,4,2025-12-26,date_teams,
28955,25-26-prem-nottingham-forest-vs-manchester-city,2025-2026,18,17,43,2025-12-27,date_teams,
28956,25-26-prem-sunderland-vs-leeds-united,2025-2026,18,56,2,2025-12-28,date_teams,
28957,25-26-prem-west-ham-united-vs-fulham,2025-2026,18,21,54,2025-12-27,date_teams,
28958,25-26-prem-arsenal-vs-aston-villa,2025-2026,19,3,7,2025-12-30,date_teams,
28959,25-26-prem-brentford-vs-tottenham-hotspur,2025-2026,19,94,6,2026-01-01,date_teams,
28960,25-26-prem-burnley-vs-newcastle-united,2025-2026,19,90,4,2025-12-30,date_teams,
28961,25-26-prem-chelsea-vs-afc-bournemouth,2025-2026,19,8,91,2025-12-30,date_teams,
28962,25-26-prem-crystal-palace-vs-fulham,2025-2026,19,31,54,2026-01-01,date_teams,
28963,25-26-prem-liverpool-vs-leeds-united,2025-2026,19,14,2,2026-01-01,date_teams,
28964,25-26-prem-manchester-united-vs-wolverhampton-wanderers,2025-2026,19,1,39,2025-12-30,date_teams,
28965,25-26-prem-nottingham-forest-vs-everton,2025-2026,19,17,11,2025-12-30,date_teams,
28966,25-26-prem-sunderland-vs-manchester-city,2025-2026,19,56,43,2026-01-01,date_teams,
28967,25-26-prem-west-ham-united-vs-brighton-hove-albion,2025-2026,19,21,36,2025-12-30,date_teams,
28968,25-26-prem-newcastle-united-vs-crystal-palace,2025-2026,20,4,31,2026-01-04,date_teams,
28969,25-26-prem-tottenham-hotspur-vs-sunderland,2025-2026,20,6,56,2026-01-04,date_teams,
28970,25-26-prem-wolverhampton-wanderers-vs-west-ham-united,2025-2026,20,39,21,2026-01-03,date_teams,
28971,25-26-prem-afc-bournemouth-vs-arsenal,2025-2026,20,91,3,2026-01-03,date_teams,
28972,25-26-prem-aston-villa-vs-nottingham-forest,2025-2026,20,7,17,2026-01-03,date_teams,
28973,25-26-prem-brighton-hove-albion-vs-burnley,2025-2026,20,36,90,2026-01-03,date_teams,
28974,25-26-prem-everton-vs-brentford,2025-2026,20,11,94,2026-01-04,date_teams,
28975,25-26-prem-fulham-vs-liverpool,2025-2026,20,54,14,2026-01-04,date_teams,
28976,25-26-prem-leeds-united-vs-manchester-united,2025-2026,20,2,1,2026-01-04,date_teams,
28977,25-26-prem-manchester-city-vs-chelsea,2025-2026,20,43,8,2026-01-04,date_teams,
28978,25-26-prem-everton-vs-wolverhampton-wanderers,2025-2026,21,11,39,2026-01-07,date_teams,
28979,25-26-prem-afc-bournemouth-vs-tottenham-hotspur,2025-2026,21,91,6,2026-01-07,date_teams,
28980,25-26-prem-arsenal-vs-liverpool,2025-2026,21,3,14,2026-01-08,date_teams,
28981,25-26-prem-brentford-vs-sunderland,2025-2026,21,94,56,2026-01-07,date_teams,
28982,25-26-prem-burnley-vs-manchester-united,2025-2026,21,90,1,2026-01-07,date_teams,
28983,25-26-prem-crystal-palace-vs-aston-villa,2025-2026,21,31,7,2026-01-07,date_teams,
28984,25-26-prem-fulham-vs-chelsea,2025-2026,21,54,8,2026-01-07,date_teams,
28985,25-26-prem-manchester-city-vs-brighton-hove-albion,2025-2026,21,43,36,2026-01-07,date_teams,
28986,25-26-prem-newcastle-united-vs-leeds-united,2025-2026,21,4,2,2026-01-07,date_teams,
28987,25-26-prem-west-ham-united-vs-nottingham-forest,2025-2026,21,21,17,2026-01-06,date_teams,
28988,25-26-prem-aston-villa-vs-everton,2025-2026,22,7,11,2026-01-18,date_teams,
28989,25-26-prem-brighton-hove-albion-vs-afc-bournemouth,2025-2026,22,36,91,2026-01-19,date_teams,
28990,25-26-prem-chelsea-vs-brentford,2025-2026,22,8,94,2026-01-17,date_teams,
28991,25-26-prem-leeds-united-vs-fulham,2025-2026,22,2,54,2026-01-17,date_teams,
28992,25-26-prem-liverpool-vs-burnley,2025-2026,22,14,90,2026-01-17,date_teams,
28993,25-26-prem-manchester-united-vs-manchester-city,2025-2026,22,1,43,2026-01-17,date_teams,
28994,25-26-prem-nottingham-forest-vs-arsenal,2025-2026,22,17,3,2026-01-17,date_teams,
28995,25-26-prem-sunderland-vs-crystal-palace,2025-2026,22,56,31,2026-01-17,date_teams,
28996,25-26-prem-tottenham-hotspur-vs-west-ham-united,2025-2026,22,6,21,2026-01-17,date_teams,
28997,25-26-prem-wolverhampton-wanderers-vs-newcastle-united,2025-2026,22,39,4,2026-01-18,date_teams,
28998,25-26-prem-afc-bournemouth-vs-liverpool,2025-2026,23,91,14,2026-01-24,date_teams,
28999,25-26-prem-arsenal-vs-manchester-united,2025-2026,23,3,1,2026-01-25,date_teams,
29000,25-26-prem-brentford-vs-nottingham-forest,2025-2026,23,94,17,2026-01-25,date_teams,
29001,25-26-prem-burnley-vs-tottenham-hotspur,2025-2026,23,90,6,2026-01-24,date_teams,
29002,25-26-prem-crystal-palace-vs-chelsea,2025-2026,23,31,8,2026-01-25,date_teams,
29003,25-26-prem-everton-vs-leeds-united,2025-2026,23,11,2,2026-01-26,date_teams,
29004,25-26-prem-fulham-vs-brighton-hove-albion,2025-2026,23,54,36,2026-01-24,date_teams,
29005,25-26-prem-manchester-city-vs-wolverhampton-wanderers,2025-2026,23,43,39,2026-01-24,date_teams,
29006,25-26-prem-newcastle-united-vs-aston-villa,2025-2026,23,4,7,2026-01-25,date_teams,
29007,25-26-prem-west-ham-united-vs-sunderland,2025-2026,23,21,56,2026-01-24,date_teams,
29008,25-26-prem-aston-villa-vs-brentford,2025-2026,24,7,94,2026-02-01,date_teams,
29009,25-26-prem-chelsea-vs-west-ham-united,2025-2026,24,8,21,2026-01-31,date_teams,
29010,25-26-prem-brighton-hove-albion-vs-everton,2025-2026,24,36,11,2026-01-31,date_teams,
29011,25-26-prem-sunderland-vs-burnley,2025-2026,24,56,90,2026-02-02,date_teams,
29012,25-26-prem-manchester-united-vs-fulham,2025-2026,24,1,54,2026-02-01,date_teams,
29013,25-26-prem-nottingham-forest-vs-crystal-palace,2025-2026,24,17,31,2026-02-01,date_teams,
29014,25-26-prem-liverpool-vs-newcastle-united,2025-2026,24,14,4,2026-01-31,date_teams,
29015,25-26-prem-leeds-united-vs-arsenal,2025-2026,24,2,3,2026-01-31,date_teams,
29016,25-26-prem-tottenham-hotspur-vs-manchester-city,2025-2026,24,6,43,2026-02-01,date_teams,
29017,25-26-prem-wolverhampton-wanderers-vs-afc-bournemouth,2025-2026,24,39,91,2026-01-31,date_teams,
29018,25-26-prem-afc-bournemouth-vs-aston-villa,2025-2026,25,91,7,2026-02-07,date_teams,
29019,25-26-prem-arsenal-vs-sunderland,2025-2026,25,3,56,2026-02-07,date_teams,
29020,25-26-prem-brighton-hove-albion-vs-crystal-palace,2025-2026,25,36,31,2026-02-08,date_teams,
29021,25-26-prem-burnley-vs-west-ham-united,2025-2026,25,90,21,2026-02-07,date_teams,
29022,25-26-prem-fulham-vs-everton,2025-2026,25,54,11,2026-02-07,date_teams,
29023,25-26-prem-leeds-united-vs-nottingham-forest,2025-2026,25,2,17,2026-02-06,date_teams,
29024,25-26-prem-liverpool-vs-manchester-city,2025-2026,25,14,43,2026-02-08,date_teams,
29025,25-26-prem-manchester-united-vs-tottenham-hotspur,2025-2026,25,1,6,2026-02-07,date_teams,
29026,25-26-prem-newcastle-united-vs-brentford,2025-2026,25,4,94,2026-02-07,date_teams,
29027,25-26-prem-wolverhampton-wanderers-vs-chelsea,2025-2026,25,39,8,2026-02-07,date_teams,
29028,25-26-prem-aston-villa-vs-brighton-hove-albion,2025-2026,26,7,36,2026-02-11,date_teams,
29029,25-26-prem-brentford-vs-arsenal,2025-2026,26,94,3,2026-02-12,date_teams,
29030,25-26-prem-chelsea-vs-leeds-united,2025-2026,26,8,2,2026-02-10,date_teams,
29031,25-26-prem-crystal-palace-vs-burnley,2025-2026,26,31,90,2026-02-11,date_teams,
29032,25-26-prem-everton-vs-afc-bournemouth,2025-2026,26,11,91,2026-02-10,date_teams,
29033,25-26-prem-manchester-city-vs-fulham,2025-2026,26,43,54,2026-02-11,date_teams,
29034,25-26-prem-nottingham-forest-vs-wolverhampton-wanderers,2025-2026,26,17,39,2026-02-11,date_teams,
29035,25-26-prem-sunderland-vs-liverpool,2025-2026,26,56,14,2026-02-11,date_teams,
29036,25-26-prem-tottenham-hotspur-vs-newcastle-united,2025-2026,26,6,4,2026-02-10,date_teams,
29037,25-26-prem-west-ham-united-vs-manchester-united,2025-2026,26,21,1,2026-02-10,date_teams,
29087,25-26-prem-wolverhampton-wanderers-vs-arsenal,2025-2026,26,39,3,2026-02-18,date_teams,
29038,25-26-prem-aston-villa-vs-leeds-united,2025-2026,27,7,2,2026-02-21,date_teams,
29039,25-26-prem-brentford-vs-brighton-hove-albion,2025-2026,27,94,36,2026-02-21,date_teams,
29040,25-26-prem-chelsea-vs-burnley,2025-2026,27,8,90,2026-02-21,date_teams,
29041,25-26-prem-crystal-palace-vs-wolverhampton-wanderers,2025-2026,27,31,39,2026-02-22,date_teams,
29042,25-26-prem-everton-vs-manchester-united,2025-2026,27,11,1,2026-02-23,date_teams,
29043,25-26-prem-manchester-city-vs-newcastle-united,2025-2026,27,43,4,2026-02-21,date_teams,
29044,25-26-prem-nottingham-forest-vs-liverpool,2025-2026,27,17,14,2026-02-22,date_teams,
29045,25-26-prem-sunderland-vs-fulham,2025-2026,27,56,54,2026-02-22,date_teams,
29046,25-26-prem-tottenham-hotspur-vs-arsenal,2025-2026,27,6,3,2026-02-22,date_teams,
29047,25-26-prem-west-ham-united-vs-afc-bournemouth,2025-2026,27,21,91,2026-02-21,date_teams,
29048,25-26-prem-afc-bournemouth-vs-sunderland,2025-2026,28,91,56,2026-02-28,date_teams,
29049,25-26-prem-arsenal-vs-chelsea,2025-2026,28,3,8,2026-03-01,date_teams,
29050,25-26-prem-brighton-hove-albion-vs-nottingham-forest,2025-2026,28,36,17,2026-03-01,date_teams,
29051,25-26-prem-burnley-vs-brentford,2025-2026,28,90,94,2026-02-28,date_teams,
29052,25-26-prem-fulham-vs-tottenham-hotspur,2025-2026,28,54,6,2026-03-01,date_teams,
29053,25-26-prem-leeds-united-vs-manchester-city,2025-2026,28,2,43,2026-02-28,date_teams,
29054,25-26-prem-liverpool-vs-west-ham-united,2025-2026,28,14,21,2026-02-28,date_teams,
29055,25-26-prem-manchester-united-vs-crystal-palace,2025-2026,28,1,31,2026-03-01,date_teams,
29056,25-26-prem-newcastle-united-vs-everton,2025-2026,28,4,11,2026-02-28,date_teams,
29057,25-26-prem-wolverhampton-wanderers-vs-aston-villa,2025-2026,28,39,7,2026-02-27,date_teams,
29058,25-26-prem-afc-bournemouth-vs-brentford,2025-2026,29,91,94,2026-03-03,date_teams,
29059,25-26-prem-aston-villa-vs-chelsea,2025-2026,29,7,8,2026-03-04,date_teams,
29060,25-26-prem-brighton-hove-albion-vs-arsenal,2025-2026,29,36,3,2026-03-04,date_teams,
29061,25-26-prem-everton-vs-burnley,2025-2026,29,11,90,2026-03-03,date_teams,
29062,25-26-prem-fulham-vs-west-ham-united,2025-2026,29,54,21,2026-03-04,date_teams,
29063,25-26-prem-leeds-united-vs-sunderland,2025-2026,29,2,56,2026-03-03,date_teams,
29064,25-26-prem-manchester-city-vs-nottingham-forest,2025-2026,29,43,17,2026-03-04,date_teams,
29065,25-26-prem-newcastle-united-vs-manchester-united,2025-2026,29,4,1,2026-03-04,date_teams,
29066,25-26-prem-tottenham-hotspur-vs-crystal-palace,2025-2026,29,6,31,2026-03-05,date_teams,
29067,25-26-prem-wolverhampton-wanderers-vs-liverpool,2025-2026,29,39,14,2026-03-03,date_teams,
29068,25-26-prem-arsenal-vs-everton,2025-2026,30,3,11,2026-03-14,date_teams,
29069,25-26-prem-brentford-vs-wolverhampton-wanderers,2025-2026,30,94,39,2026-03-16,date_teams,
29070,25-26-prem-burnley-vs-afc-bournemouth,2025-2026,30,90,91,2026-03-14,date_teams,
29071,25-26-prem-chelsea-vs-newcastle-united,2025-2026,30,8,4,2026-03-14,date_teams,
29072,25-26-prem-crystal-palace-vs-leeds-united,2025-2026,30,31,2,2026-03-15,date_teams,
29073,25-26-prem-liverpool-vs-tottenham-hotspur,2025-2026,30,14,6,2026-03-15,date_teams,
29074,25-26-prem-manchester-united-vs-aston-villa,2025-2026,30,1,7,2026-03-15,date_teams,
29075,25-26-prem-nottingham-forest-vs-fulham,2025-2026,30,17,54,2026-03-15,date_teams,
29076,25-26-prem-sunderland-vs-brighton-hove-albion,2025-2026,30,56,36,2026-03-14,date_teams,
29077,25-26-prem-west-ham-united-vs-manchester-city,2025-2026,30,21,43,2026-03-14,date_teams,
29078,25-26-prem-afc-bournemouth-vs-manchester-united,2025-2026,31,91,1,2026-03-20,date_teams,
29079,25-26-prem-aston-villa-vs-west-ham-united,2025-2026,31,7,21,2026-03-22,date_teams,
29080,25-26-prem-brighton-hove-albion-vs-liverpool,2025-2026,31,36,14,2026-03-21,date_teams,
29081,25-26-prem-everton-vs-chelsea,2025-2026,31,11,8,2026-03-21,date_teams,
29082,25-26-prem-fulham-vs-burnley,2025-2026,31,54,90,2026-03-21,date_teams,
29083,25-26-prem-leeds-united-vs-brentford,2025-2026,31,2,94,2026-03-21,date_teams,
29085,25-26-prem-newcastle-united-vs-sunderland,2025-2026,31,4,56,2026-03-22,date_teams,
29086,25-26-prem-tottenham-hotspur-vs-nottingham-forest,2025-2026,31,6,17,2026-03-22,date_teams,
29088,25-26-prem-manchester-united-vs-leeds-united,2025-2026,32,1,2,2026-04-13,date_teams,
29089,25-26-prem-nottingham-forest-vs-aston-villa,2025-2026,32,17,7,2026-04-12,date_teams,
29090,25-26-prem-sunderland-vs-tottenham-hotspur,2025-2026,32,56,6,2026-04-12,date_teams,
29091,25-26-prem-west-ham-united-vs-wolverhampton-wanderers,2025-2026,32,21,39,2026-04-10,date_teams,
29092,25-26-prem-arsenal-vs-afc-bournemouth,2025-2026,32,3,91,2026-04-11,date_teams,
29093,25-26-prem-brentford-vs-everton,2025-2026,32,94,11,2026-04-11,date_teams,
29094,25-26-prem-burnley-vs-brighton-hove-albion,2025-2026,32,90,36,2026-04-11,date_teams,
29095,25-26-prem-chelsea-vs-manchester-city,2025-2026,32,8,43,2026-04-12,date_teams,
29096,25-26-prem-crystal-palace-vs-newcastle-united,2025-2026,32,31,4,2026-04-12,date_teams,
29097,25-26-prem-liverpool-vs-fulham,2025-2026,32,14,54,2026-04-11,date_teams,
29098,25-26-prem-aston-villa-vs-sunderland,2025-2026,33,7,56,2026-04-19,date_teams,
29099,25-26-prem-brentford-vs-fulham,2025-2026,33,94,54,2026-04-18,date_teams,
29100,25-26-prem-chelsea-vs-manchester-united,2025-2026,33,8,1,2026-04-18,date_teams,
29101,25-26-prem-crystal-palace-vs-west-ham-united,2025-2026,33,31,21,2026-04-20,date_teams,
29102,25-26-prem-everton-vs-liverpool,2025-2026,33,11,14,2026-04-19,date_teams,
29103,25-26-prem-leeds-united-vs-wolverhampton-wanderers,2025-2026,33,2,39,2026-04-18,date_teams,
29104,25-26-prem-manchester-city-vs-arsenal,2025-2026,33,43,3,2026-04-19,date_teams,
29105,25-26-prem-newcastle-united-vs-afc-bournemouth,2025-2026,33,4,91,2026-04-18,date_teams,
29106,25-26-prem-nottingham-forest-vs-burnley,2025-2026,33,17,90,2026-04-19,date_teams,
29107,25-26-prem-tottenham-hotspur-vs-brighton-hove-albion,2025-2026,33,6,36,2026-04-18,date_teams,
29108,25-26-prem-afc-bournemouth-vs-leeds-united,2025-2026,33,91,2,2026-04-22,date_teams,
29110,25-26-prem-brighton-hove-albion-vs-chelsea,2025-2026,33,36,8,2026-04-21,date_teams,
29111,25-26-prem-burnley-vs-manchester-city,2025-2026,33,90,43,2026-04-22,date_teams,
29109,25-26-prem-arsenal-vs-newcastle-united,2025-2026,34,3,4,2026-04-25,date_teams,
29112,25-26-prem-fulham-vs-aston-villa,2025-2026,34,54,7,2026-04-25,date_teams,
29113,25-26-prem-liverpool-vs-crystal-palace,2025-2026,34,14,31,2026-04-25,date_teams,
29114,25-26-prem-manchester-united-vs-brentford,2025-2026,34,1,94,2026-04-27,date_teams,
29115,25-26-prem-sunderland-vs-nottingham-forest,2025-2026,34,56,17,2026-04-24,date_teams,
29116,25-26-prem-west-ham-united-vs-everton,2025-2026,34,21,11,2026-04-25,date_teams,
29117,25-26-prem-wolverhampton-wanderers-vs-tottenham-hotspur,2025-2026,34,39,6,2026-04-25,date_teams,
29118,25-26-prem-afc-bournemouth-vs-crystal-palace,2025-2026,35,91,31,2026-05-03,date_teams,
29119,25-26-prem-arsenal-vs-fulham,2025-2026,35,3,54,2026-05-02,date_teams,
29120,25-26-prem-aston-villa-vs-tottenham-hotspur,2025-2026,35,7,6,2026-05-03,date_teams,
29121,25-26-prem-brentford-vs-west-ham-united,2025-2026,35,94,21,2026-05-02,date_teams,
29122,25-26-prem-chelsea-vs-nottingham-forest,2025-2026,35,8,17,2026-05-04,date_teams,
29123,25-26-prem-everton-vs-manchester-city,2025-2026,35,11,43,2026-05-04,date_teams,
29124,25-26-prem-leeds-united-vs-burnley,2025-2026,35,2,90,2026-05-01,date_teams,
29125,25-26-prem-manchester-united-vs-liverpool,2025-2026,35,1,14,2026-05-03,date_teams,
29126,25-26-prem-newcastle-united-vs-brighton-hove-albion,2025-2026,35,4,36,2026-05-02,date_teams,
29127,25-26-prem-wolverhampton-wanderers-vs-sunderland,2025-2026,35,39,56,2026-05-02,date_teams,
29084,25-26-prem-manchester-city-vs-crystal-palace,2025-2026,36,43,31,2026-05-13,date_teams,
29128,25-26-prem-brighton-hove-albion-vs-wolverhampton-wanderers,2025-2026,36,36,39,2026-05-09,date_teams,
29129,25-26-prem-burnley-vs-aston-villa,2025-2026,36,90,7,2026-05-10,date_teams,
29130,25-26-prem-crystal-palace-vs-everton,2025-2026,36,31,11,2026-05-10,date_teams,
29131,25-26-prem-fulham-vs-afc-bournemouth,2025-2026,36,54,91,2026-05-09,date_teams,
29132,25-26-prem-liverpool-vs-chelsea,2025-2026,36,14,8,2026-05-09,date_teams,
29133,25-26-prem-manchester-city-vs-brentford,2025-2026,36,43,94,2026-05-09,date_teams,
29134,25-26-prem-nottingham-forest-vs-newcastle-united,2025-2026,36,17,4,2026-05-10,date_teams,
29135,25-26-prem-sunderland-vs-manchester-united,2025-2026,36,56,1,2026-05-09,date_teams,
29136,25-26-prem-tottenham-hotspur-vs-leeds-united,2025-2026,36,6,2,2026-05-11,date_teams,
29137,25-26-prem-west-ham-united-vs-arsenal,2025-2026,36,21,3,2026-05-10,date_teams,
29138,25-26-prem-afc-bournemouth-vs-manchester-city,2025-2026,37,91,43,2026-05-19,date_teams,
29139,25-26-prem-arsenal-vs-burnley,2025-2026,37,3,90,2026-05-18,date_teams,
29140,25-26-prem-aston-villa-vs-liverpool,2025-2026,37,7,14,2026-05-15,date_teams,
29141,25-26-prem-brentford-vs-crystal-palace,2025-2026,37,94,31,2026-05-17,date_teams,
29142,25-26-prem-chelsea-vs-tottenham-hotspur,2025-2026,37,8,6,2026-05-19,date_teams,
29143,25-26-prem-everton-vs-sunderland,2025-2026,37,11,56,2026-05-17,date_teams,
29144,25-26-prem-leeds-united-vs-brighton-hove-albion,2025-2026,37,2,36,2026-05-17,date_teams,
29145,25-26-prem-manchester-united-vs-nottingham-forest,2025-2026,37,1,17,2026-05-17,date_teams,
29146,25-26-prem-newcastle-united-vs-west-ham-united,2025-2026,37,4,21,2026-05-17,date_teams,
29147,25-26-prem-wolverhampton-wanderers-vs-fulham,2025-2026,37,39,54,2026-05-17,date_teams,
29148,25-26-prem-brighton-hove-albion-vs-manchester-united,2025-2026,38,36,1,2026-05-24,date_teams,
29149,25-26-prem-burnley-vs-wolverhampton-wanderers,2025-2026,38,90,39,2026-05-24,date_teams,
29150,25-26-prem-crystal-palace-vs-arsenal,2025-2026,38,31,3,2026-05-24,date_teams,
29151,25-26-prem-fulham-vs-newcastle-united,2025-2026,38,54,4,2026-05-24,date_teams,
29152,25-26-prem-liverpool-vs-brentford,2025-2026,38,14,94,2026-05-24,date_teams,
29153,25-26-prem-manchester-city-vs-aston-villa,2025-2026,38,43,7,2026-05-24,date_teams,
29154,25-26-prem-nottingham-forest-vs-afc-bournemouth,2025-2026,38,17,91,2026-05-24,date_teams,
29155,25-26-prem-sunderland-vs-chelsea,2025-2026,38,56,8,2026-05-24,date_teams,
29156,25-26-prem-tottenham-hotspur-vs-everton,2025-2026,38,6,11,2026-05-24,date_teams,
29157,25-26-prem-west-ham-united-vs-leeds-united,2025-2026,38,21,2,2026-05-24,date_teams,
31180,26-27-prem-arsenal-vs-coventry-city,2026-2027,1,3,9,2026-08-21,date_teams,
31181,26-27-prem-hull-city-vs-manchester-united,2026-2027,1,88,1,2026-08-22,date_teams,
31182,26-27-prem-everton-vs-crystal-palace,2026-2027,1,11,31,2026-08-22,date_teams,
31183,26-27-prem-ipswich-town-vs-sunderland,2026-2027,1,40,56,2026-08-22,date_teams,
31184,26-27-prem-nottingham-forest-vs-leeds-united,2026-2027,1,17,2,2026-08-22,date_teams,
31185,26-27-prem-brentford-vs-tottenham-hotspur,2026-2027,1,94,6,2026-08-22,date_teams,
31186,26-27-prem-brighton-hove-albion-vs-aston-villa,2026-2027,1,36,7,2026-08-23,date_teams,
31187,26-27-prem-manchester-city-vs-afc-bournemouth,2026-2027,1,43,91,2026-08-23,date_teams,
31188,26-27-prem-newcastle-united-vs-liverpool,2026-2027,1,4,14,2026-08-23,date_teams,
31189,26-27-prem-fulham-vs-chelsea,2026-2027,1,54,8,2026-08-24,date_teams,
31190,26-27-prem-crystal-palace-vs-manchester-city,2026-2027,2,31,43,2026-08-28,date_teams,
31191,26-27-prem-liverpool-vs-nottingham-forest,2026-2027,2,14,17,2026-08-29,date_teams,
31192,26-27-prem-coventry-city-vs-hull-city,2026-2027,2,9,88,2026-08-29,date_teams,
31193,26-27-prem-afc-bournemouth-vs-everton,2026-2027,2,91,11,2026-08-29,date_teams,
31194,26-27-prem-tottenham-hotspur-vs-newcastle-united,2026-2027,2,6,4,2026-08-29,date_teams,
31195,26-27-prem-sunderland-vs-fulham,2026-2027,2,56,54,2026-08-30,date_teams,
31196,26-27-prem-chelsea-vs-brighton-hove-albion,2026-2027,2,8,36,2026-08-30,date_teams,
31197,26-27-prem-leeds-united-vs-brentford,2026-2027,2,2,94,2026-08-30,date_teams,
31198,26-27-prem-manchester-united-vs-ipswich-town,2026-2027,2,1,40,2026-08-30,date_teams,
31199,26-27-prem-aston-villa-vs-arsenal,2026-2027,2,7,3,2026-08-31,date_teams,
31200,26-27-prem-ipswich-town-vs-liverpool,2026-2027,3,40,14,2026-09-04,date_teams,
31201,26-27-prem-newcastle-united-vs-afc-bournemouth,2026-2027,3,4,91,2026-09-05,date_teams,
31202,26-27-prem-manchester-city-vs-coventry-city,2026-2027,3,43,9,2026-09-05,date_teams,
31203,26-27-prem-nottingham-forest-vs-tottenham-hotspur,2026-2027,3,17,6,2026-09-05,date_teams,
31204,26-27-prem-fulham-vs-crystal-palace,2026-2027,3,54,31,2026-09-05,date_teams,
31205,26-27-prem-brentford-vs-sunderland,2026-2027,3,94,56,2026-09-05,date_teams,
31206,26-27-prem-brighton-hove-albion-vs-leeds-united,2026-2027,3,36,2,2026-09-05,date_teams,
31207,26-27-prem-hull-city-vs-aston-villa,2026-2027,3,88,7,2026-09-05,date_teams,
31208,26-27-prem-everton-vs-manchester-united,2026-2027,3,11,1,2026-09-06,date_teams,
31209,26-27-prem-arsenal-vs-chelsea,2026-2027,3,3,8,2026-09-06,date_teams,
31210,26-27-prem-afc-bournemouth-vs-brentford,2026-2027,4,91,94,2026-09-12,date_teams,
31211,26-27-prem-aston-villa-vs-nottingham-forest,2026-2027,4,7,17,2026-09-12,date_teams,
31212,26-27-prem-chelsea-vs-hull-city,2026-2027,4,8,88,2026-09-12,date_teams,
31213,26-27-prem-crystal-palace-vs-ipswich-town,2026-2027,4,31,40,2026-09-12,date_teams,
31214,26-27-prem-liverpool-vs-fulham,2026-2027,4,14,54,2026-09-12,date_teams,
31215,26-27-prem-tottenham-hotspur-vs-everton,2026-2027,4,6,11,2026-09-12,date_teams,
31216,26-27-prem-sunderland-vs-arsenal,2026-2027,4,56,3,2026-09-12,date_teams,
31217,26-27-prem-coventry-city-vs-brighton-hove-albion,2026-2027,4,9,36,2026-09-13,date_teams,
31218,26-27-prem-manchester-united-vs-manchester-city,2026-2027,4,1,43,2026-09-13,date_teams,
31219,26-27-prem-leeds-united-vs-newcastle-united,2026-2027,4,2,4,2026-09-14,date_teams,
31220,26-27-prem-brentford-vs-chelsea,2026-2027,5,94,8,2026-09-18,date_teams,
31221,26-27-prem-tottenham-hotspur-vs-aston-villa,2026-2027,5,6,7,2026-09-19,date_teams,
31222,26-27-prem-manchester-city-vs-sunderland,2026-2027,5,43,56,2026-09-20,date_teams,
31223,26-27-prem-newcastle-united-vs-hull-city,2026-2027,5,4,88,2026-09-19,date_teams,
31224,26-27-prem-brighton-hove-albion-vs-arsenal,2026-2027,5,36,3,2026-09-19,date_teams,
31225,26-27-prem-leeds-united-vs-crystal-palace,2026-2027,5,2,31,2026-09-20,date_teams,
31226,26-27-prem-everton-vs-ipswich-town,2026-2027,5,11,40,2026-09-19,date_teams,
31227,26-27-prem-nottingham-forest-vs-coventry-city,2026-2027,5,17,9,2026-09-19,date_teams,
31228,26-27-prem-afc-bournemouth-vs-liverpool,2026-2027,5,91,14,2026-09-20,date_teams,
31229,26-27-prem-fulham-vs-manchester-united,2026-2027,5,54,1,2026-09-20,date_teams,
31230,26-27-prem-arsenal-vs-leeds-united,2026-2027,6,3,2,2026-10-10,date_teams,
31231,26-27-prem-aston-villa-vs-brentford,2026-2027,6,7,94,2026-10-10,date_teams,
31232,26-27-prem-chelsea-vs-afc-bournemouth,2026-2027,6,8,91,2026-10-10,date_teams,
31233,26-27-prem-ipswich-town-vs-fulham,2026-2027,6,40,54,2026-10-10,date_teams,
31234,26-27-prem-sunderland-vs-brighton-hove-albion,2026-2027,6,56,36,2026-10-10,date_teams,
31235,26-27-prem-manchester-united-vs-tottenham-hotspur,2026-2027,6,1,6,2026-10-10,date_teams,
31236,26-27-prem-crystal-palace-vs-nottingham-forest,2026-2027,6,31,17,2026-10-11,date_teams,
31237,26-27-prem-hull-city-vs-everton,2026-2027,6,88,11,2026-10-11,date_teams,
31238,26-27-prem-liverpool-vs-manchester-city,2026-2027,6,14,43,2026-10-11,date_teams,
31239,26-27-prem-coventry-city-vs-newcastle-united,2026-2027,6,9,4,2026-10-12,date_teams,
31240,26-27-prem-everton-vs-chelsea,2026-2027,7,11,8,2026-10-17,date_teams,
31241,26-27-prem-fulham-vs-hull-city,2026-2027,7,54,88,2026-10-17,date_teams,
31242,26-27-prem-brentford-vs-liverpool,2026-2027,7,94,14,2026-10-17,date_teams,
31243,26-27-prem-manchester-city-vs-ipswich-town,2026-2027,7,43,40,2026-10-17,date_teams,
31244,26-27-prem-newcastle-united-vs-aston-villa,2026-2027,7,4,7,2026-10-17,date_teams,
31245,26-27-prem-brighton-hove-albion-vs-crystal-palace,2026-2027,7,36,31,2026-10-18,date_teams,
31246,26-27-prem-afc-bournemouth-vs-sunderland,2026-2027,7,91,56,2026-10-18,date_teams,
31247,26-27-prem-leeds-united-vs-manchester-united,2026-2027,7,2,1,2026-10-18,date_teams,
31248,26-27-prem-nottingham-forest-vs-arsenal,2026-2027,7,17,3,2026-10-18,date_teams,
31249,26-27-prem-tottenham-hotspur-vs-coventry-city,2026-2027,7,6,9,2026-10-19,date_teams,
31250,26-27-prem-ipswich-town-vs-nottingham-forest,2026-2027,8,40,17,2026-10-23,date_teams,
31251,26-27-prem-aston-villa-vs-manchester-city,2026-2027,8,7,43,2026-10-24,date_teams,
31252,26-27-prem-liverpool-vs-brighton-hove-albion,2026-2027,8,14,36,2026-10-25,date_pm1,
31253,26-27-prem-coventry-city-vs-fulham,2026-2027,8,9,54,2026-10-24,date_teams,
31254,26-27-prem-arsenal-vs-everton,2026-2027,8,3,11,2026-10-24,date_teams,
31255,26-27-prem-chelsea-vs-tottenham-hotspur,2026-2027,8,8,6,2026-10-24,date_teams,
31256,26-27-prem-manchester-united-vs-afc-bournemouth,2026-2027,8,1,91,2026-10-25,date_teams,
31257,26-27-prem-crystal-palace-vs-newcastle-united,2026-2027,8,31,4,2026-10-25,date_teams,
31258,26-27-prem-hull-city-vs-brentford,2026-2027,8,88,94,2026-10-25,date_teams,
31259,26-27-prem-sunderland-vs-leeds-united,2026-2027,8,56,2,2026-10-25,date_teams,
31260,26-27-prem-chelsea-vs-manchester-united,2026-2027,9,8,1,2026-10-31,date_teams,
31261,26-27-prem-coventry-city-vs-sunderland,2026-2027,9,9,56,2026-10-31,date_teams,
31262,26-27-prem-hull-city-vs-ipswich-town,2026-2027,9,88,40,2026-10-31,date_teams,
31263,26-27-prem-manchester-city-vs-brighton-hove-albion,2026-2027,9,43,36,2026-10-31,date_teams,
31264,26-27-prem-afc-bournemouth-vs-leeds-united,2026-2027,9,91,2,2026-10-31,date_teams,
31265,26-27-prem-brentford-vs-nottingham-forest,2026-2027,9,94,17,2026-10-31,date_teams,
31266,26-27-prem-tottenham-hotspur-vs-crystal-palace,2026-2027,9,6,31,2026-10-31,date_teams,
31267,26-27-prem-aston-villa-vs-fulham,2026-2027,9,7,54,2026-10-31,date_pm1,
31268,26-27-prem-liverpool-vs-arsenal,2026-2027,9,14,3,2026-11-01,date_teams,
31269,26-27-prem-newcastle-united-vs-everton,2026-2027,9,4,11,2026-11-02,date_teams,
31270,26-27-prem-arsenal-vs-hull-city,2026-2027,10,3,88,2026-11-07,date_teams,
31271,26-27-prem-brighton-hove-albion-vs-brentford,2026-2027,10,36,94,2026-11-07,date_teams,
31272,26-27-prem-crystal-palace-vs-liverpool,2026-2027,10,31,14,2026-11-07,date_teams,
31273,26-27-prem-everton-vs-coventry-city,2026-2027,10,11,9,2026-11-07,date_teams,
31274,26-27-prem-fulham-vs-newcastle-united,2026-2027,10,54,4,2026-11-07,date_teams,
31275,26-27-prem-ipswich-town-vs-afc-bournemouth,2026-2027,10,40,91,2026-11-07,date_teams,
31276,26-27-prem-leeds-united-vs-tottenham-hotspur,2026-2027,10,2,6,2026-11-07,date_teams,
31277,26-27-prem-manchester-united-vs-aston-villa,2026-2027,10,1,7,2026-11-07,date_teams,
31278,26-27-prem-nottingham-forest-vs-manchester-city,2026-2027,10,17,43,2026-11-07,date_teams,
31279,26-27-prem-sunderland-vs-chelsea,2026-2027,10,56,8,2026-11-07,date_teams,
31280,26-27-prem-afc-bournemouth-vs-nottingham-forest,2026-2027,11,91,17,2026-11-21,date_teams,
31281,26-27-prem-aston-villa-vs-sunderland,2026-2027,11,7,56,2026-11-21,date_teams,
31282,26-27-prem-brentford-vs-everton,2026-2027,11,94,11,2026-11-21,date_teams,
31283,26-27-prem-chelsea-vs-leeds-united,2026-2027,11,8,2,2026-11-21,date_teams,
31284,26-27-prem-coventry-city-vs-crystal-palace,2026-2027,11,9,31,2026-11-21,date_teams,
31285,26-27-prem-hull-city-vs-brighton-hove-albion,2026-2027,11,88,36,2026-11-21,date_teams,
31286,26-27-prem-liverpool-vs-manchester-united,2026-2027,11,14,1,2026-11-21,date_teams,
31287,26-27-prem-manchester-city-vs-fulham,2026-2027,11,43,54,2026-11-21,date_teams,
31288,26-27-prem-newcastle-united-vs-arsenal,2026-2027,11,4,3,2026-11-21,date_teams,
31289,26-27-prem-tottenham-hotspur-vs-ipswich-town,2026-2027,11,6,40,2026-11-21,date_teams,
31290,26-27-prem-arsenal-vs-manchester-city,2026-2027,12,3,43,2026-11-28,date_teams,
31291,26-27-prem-brighton-hove-albion-vs-newcastle-united,2026-2027,12,36,4,2026-11-28,date_teams,
31292,26-27-prem-crystal-palace-vs-hull-city,2026-2027,12,31,88,2026-11-28,date_teams,
31293,26-27-prem-everton-vs-liverpool,2026-2027,12,11,14,2026-11-28,date_teams,
31294,26-27-prem-fulham-vs-afc-bournemouth,2026-2027,12,54,91,2026-11-28,date_teams,
31295,26-27-prem-ipswich-town-vs-aston-villa,2026-2027,12,40,7,2026-11-28,date_teams,
31296,26-27-prem-leeds-united-vs-coventry-city,2026-2027,12,2,9,2026-11-28,date_teams,
31297,26-27-prem-manchester-united-vs-brentford,2026-2027,12,1,94,2026-11-28,date_teams,
31298,26-27-prem-nottingham-forest-vs-chelsea,2026-2027,12,17,8,2026-11-28,date_teams,
31299,26-27-prem-sunderland-vs-tottenham-hotspur,2026-2027,12,56,6,2026-11-28,date_teams,
31300,26-27-prem-afc-bournemouth-vs-brighton-hove-albion,2026-2027,13,91,36,2026-12-02,date_teams,
31301,26-27-prem-aston-villa-vs-everton,2026-2027,13,7,11,2026-12-02,date_teams,
31302,26-27-prem-brentford-vs-arsenal,2026-2027,13,94,3,2026-12-02,date_teams,
31303,26-27-prem-chelsea-vs-crystal-palace,2026-2027,13,8,31,2026-12-02,date_teams,
31304,26-27-prem-coventry-city-vs-ipswich-town,2026-2027,13,9,40,2026-12-02,date_teams,
31305,26-27-prem-hull-city-vs-nottingham-forest,2026-2027,13,88,17,2026-12-02,date_teams,
31306,26-27-prem-liverpool-vs-sunderland,2026-2027,13,14,56,2026-12-02,date_teams,
31307,26-27-prem-manchester-city-vs-leeds-united,2026-2027,13,43,2,2026-12-02,date_teams,
31308,26-27-prem-newcastle-united-vs-manchester-united,2026-2027,13,4,1,2026-12-02,date_teams,
31309,26-27-prem-tottenham-hotspur-vs-fulham,2026-2027,13,6,54,2026-12-02,date_teams,
31310,26-27-prem-afc-bournemouth-vs-hull-city,2026-2027,14,91,88,2026-12-05,date_teams,
31311,26-27-prem-aston-villa-vs-crystal-palace,2026-2027,14,7,31,2026-12-05,date_teams,
31312,26-27-prem-nottingham-forest-vs-brighton-hove-albion,2026-2027,14,17,36,2026-12-05,date_teams,
31313,26-27-prem-tottenham-hotspur-vs-arsenal,2026-2027,14,6,3,2026-12-05,date_teams,
31314,26-27-prem-brentford-vs-manchester-city,2026-2027,14,94,43,2026-12-05,date_teams,
31315,26-27-prem-chelsea-vs-liverpool,2026-2027,14,8,14,2026-12-05,date_teams,
31316,26-27-prem-everton-vs-fulham,2026-2027,14,11,54,2026-12-05,date_teams,
31317,26-27-prem-manchester-united-vs-coventry-city,2026-2027,14,1,9,2026-12-05,date_teams,
31318,26-27-prem-leeds-united-vs-ipswich-town,2026-2027,14,2,40,2026-12-05,date_teams,
31319,26-27-prem-newcastle-united-vs-sunderland,2026-2027,14,4,56,2026-12-05,date_teams,
31320,26-27-prem-arsenal-vs-afc-bournemouth,2026-2027,15,3,91,2026-12-12,date_teams,
31321,26-27-prem-brighton-hove-albion-vs-everton,2026-2027,15,36,11,2026-12-12,date_teams,
31322,26-27-prem-coventry-city-vs-aston-villa,2026-2027,15,9,7,2026-12-12,date_teams,
31323,26-27-prem-crystal-palace-vs-manchester-united,2026-2027,15,31,1,2026-12-12,date_teams,
31324,26-27-prem-sunderland-vs-nottingham-forest,2026-2027,15,56,17,2026-12-12,date_teams,
31325,26-27-prem-fulham-vs-brentford,2026-2027,15,54,94,2026-12-12,date_teams,
31326,26-27-prem-hull-city-vs-tottenham-hotspur,2026-2027,15,88,6,2026-12-12,date_teams,
31327,26-27-prem-ipswich-town-vs-newcastle-united,2026-2027,15,40,4,2026-12-12,date_teams,
31328,26-27-prem-liverpool-vs-leeds-united,2026-2027,15,14,2,2026-12-12,date_teams,
31329,26-27-prem-manchester-city-vs-chelsea,2026-2027,15,43,8,2026-12-12,date_teams,
31330,26-27-prem-afc-bournemouth-vs-coventry-city,2026-2027,16,91,9,2026-12-19,date_teams,
31331,26-27-prem-arsenal-vs-manchester-united,2026-2027,16,3,1,2026-12-19,date_teams,
31332,26-27-prem-brentford-vs-newcastle-united,2026-2027,16,94,4,2026-12-19,date_teams,
31333,26-27-prem-brighton-hove-albion-vs-ipswich-town,2026-2027,16,36,40,2026-12-19,date_teams,
31334,26-27-prem-chelsea-vs-aston-villa,2026-2027,16,8,7,2026-12-19,date_teams,
31335,26-27-prem-leeds-united-vs-fulham,2026-2027,16,2,54,2026-12-19,date_teams,
31336,26-27-prem-liverpool-vs-tottenham-hotspur,2026-2027,16,14,6,2026-12-19,date_teams,
31337,26-27-prem-manchester-city-vs-hull-city,2026-2027,16,43,88,2026-12-19,date_teams,
31338,26-27-prem-nottingham-forest-vs-everton,2026-2027,16,17,11,2026-12-19,date_teams,
31339,26-27-prem-sunderland-vs-crystal-palace,2026-2027,16,56,31,2026-12-19,date_teams,
31340,26-27-prem-aston-villa-vs-leeds-united,2026-2027,17,7,2,2026-12-26,date_teams,
31341,26-27-prem-coventry-city-vs-chelsea,2026-2027,17,9,8,2026-12-27,date_pm1,
31342,26-27-prem-crystal-palace-vs-arsenal,2026-2027,17,31,3,2026-12-27,date_pm1,
31343,26-27-prem-everton-vs-sunderland,2026-2027,17,11,56,2026-12-26,date_teams,
31344,26-27-prem-fulham-vs-brighton-hove-albion,2026-2027,17,54,36,2026-12-26,date_teams,
31345,26-27-prem-ipswich-town-vs-brentford,2026-2027,17,40,94,2026-12-26,date_teams,
31346,26-27-prem-manchester-united-vs-nottingham-forest,2026-2027,17,1,17,2026-12-27,date_pm1,
31347,26-27-prem-newcastle-united-vs-manchester-city,2026-2027,17,4,43,2026-12-26,date_teams,
31348,26-27-prem-tottenham-hotspur-vs-afc-bournemouth,2026-2027,17,6,91,2026-12-26,date_teams,
31349,26-27-prem-hull-city-vs-liverpool,2026-2027,17,88,14,2026-12-26,date_teams,
31350,26-27-prem-aston-villa-vs-liverpool,2026-2027,18,7,14,2026-12-30,date_teams,
31351,26-27-prem-coventry-city-vs-brentford,2026-2027,18,9,94,2026-12-30,date_teams,
31352,26-27-prem-crystal-palace-vs-afc-bournemouth,2026-2027,18,31,91,2026-12-30,date_teams,
31353,26-27-prem-fulham-vs-arsenal,2026-2027,18,54,3,2026-12-30,date_teams,
31354,26-27-prem-tottenham-hotspur-vs-brighton-hove-albion,2026-2027,18,6,36,2026-12-29,date_pm1,
31355,26-27-prem-newcastle-united-vs-nottingham-forest,2026-2027,18,4,17,2026-12-30,date_teams,
31356,26-27-prem-manchester-united-vs-sunderland,2026-2027,18,1,56,2026-12-30,date_teams,
31357,26-27-prem-ipswich-town-vs-chelsea,2026-2027,18,40,8,2026-12-30,date_teams,
31358,26-27-prem-hull-city-vs-leeds-united,2026-2027,18,88,2,2026-12-29,date_pm1,
31359,26-27-prem-everton-vs-manchester-city,2026-2027,18,11,43,2026-12-29,date_pm1,
31360,26-27-prem-afc-bournemouth-vs-aston-villa,2026-2027,19,91,7,2027-01-02,date_teams,
31361,26-27-prem-arsenal-vs-ipswich-town,2026-2027,19,3,40,2027-01-02,date_teams,
31362,26-27-prem-brentford-vs-crystal-palace,2026-2027,19,94,31,2027-01-02,date_teams,
31363,26-27-prem-brighton-hove-albion-vs-manchester-united,2026-2027,19,36,1,2027-01-02,date_teams,
31364,26-27-prem-chelsea-vs-newcastle-united,2026-2027,19,8,4,2027-01-03,date_pm1,
31365,26-27-prem-leeds-united-vs-everton,2026-2027,19,2,11,2027-01-01,date_pm1,
31366,26-27-prem-liverpool-vs-coventry-city,2026-2027,19,14,9,2027-01-02,date_teams,
31367,26-27-prem-manchester-city-vs-tottenham-hotspur,2026-2027,19,43,6,2027-01-03,date_pm1,
31368,26-27-prem-sunderland-vs-hull-city,2026-2027,19,56,88,2027-01-02,date_teams,
31369,26-27-prem-nottingham-forest-vs-fulham,2026-2027,19,17,54,2027-01-02,date_teams,
31370,26-27-prem-arsenal-vs-brentford,2026-2027,20,3,94,2027-01-05,date_pm1,
31371,26-27-prem-brighton-hove-albion-vs-afc-bournemouth,2026-2027,20,36,91,2027-01-05,date_pm1,
31372,26-27-prem-crystal-palace-vs-chelsea,2026-2027,20,31,8,2027-01-06,date_teams,
31373,26-27-prem-everton-vs-aston-villa,2026-2027,20,11,7,2027-01-05,date_pm1,
31374,26-27-prem-fulham-vs-tottenham-hotspur,2026-2027,20,54,6,2027-01-06,date_teams,
31375,26-27-prem-ipswich-town-vs-coventry-city,2026-2027,20,40,9,2027-01-06,date_teams,
31376,26-27-prem-leeds-united-vs-manchester-city,2026-2027,20,2,43,2027-01-06,date_teams,
31377,26-27-prem-manchester-united-vs-newcastle-united,2026-2027,20,1,4,2027-01-07,date_pm1,
31378,26-27-prem-nottingham-forest-vs-hull-city,2026-2027,20,17,88,2027-01-05,date_pm1,
31379,26-27-prem-sunderland-vs-liverpool,2026-2027,20,56,14,2027-01-05,date_pm1,
31380,26-27-prem-afc-bournemouth-vs-ipswich-town,2026-2027,21,91,40,2027-01-16,date_teams,
31381,26-27-prem-aston-villa-vs-manchester-united,2026-2027,21,7,1,2027-01-16,date_teams,
31382,26-27-prem-brentford-vs-brighton-hove-albion,2026-2027,21,94,36,2027-01-16,date_teams,
31383,26-27-prem-chelsea-vs-sunderland,2026-2027,21,8,56,2027-01-16,date_teams,
31384,26-27-prem-coventry-city-vs-everton,2026-2027,21,9,11,2027-01-16,date_teams,
31385,26-27-prem-hull-city-vs-arsenal,2026-2027,21,88,3,2027-01-16,date_teams,
31386,26-27-prem-liverpool-vs-crystal-palace,2026-2027,21,14,31,2027-01-16,date_teams,
31387,26-27-prem-manchester-city-vs-nottingham-forest,2026-2027,21,43,17,2027-01-16,date_teams,
31388,26-27-prem-newcastle-united-vs-fulham,2026-2027,21,4,54,2027-01-16,date_teams,
31389,26-27-prem-tottenham-hotspur-vs-leeds-united,2026-2027,21,6,2,2027-01-16,date_teams,
31390,26-27-prem-arsenal-vs-newcastle-united,2026-2027,22,3,4,2027-01-23,date_teams,
31391,26-27-prem-brighton-hove-albion-vs-manchester-city,2026-2027,22,36,43,2027-01-23,date_teams,
31392,26-27-prem-crystal-palace-vs-tottenham-hotspur,2026-2027,22,31,6,2027-01-23,date_teams,
31393,26-27-prem-everton-vs-brentford,2026-2027,22,11,94,2027-01-23,date_teams,
31394,26-27-prem-fulham-vs-aston-villa,2026-2027,22,54,7,2027-01-23,date_teams,
31395,26-27-prem-ipswich-town-vs-hull-city,2026-2027,22,40,88,2027-01-23,date_teams,
31396,26-27-prem-leeds-united-vs-chelsea,2026-2027,22,2,8,2027-01-23,date_teams,
31397,26-27-prem-manchester-united-vs-liverpool,2026-2027,22,1,14,2027-01-23,date_teams,
31398,26-27-prem-nottingham-forest-vs-afc-bournemouth,2026-2027,22,17,91,2027-01-23,date_teams,
31399,26-27-prem-sunderland-vs-coventry-city,2026-2027,22,56,9,2027-01-23,date_teams,
31400,26-27-prem-afc-bournemouth-vs-fulham,2026-2027,23,91,54,2027-01-30,date_teams,
31401,26-27-prem-newcastle-united-vs-brighton-hove-albion,2026-2027,23,4,36,2027-01-30,date_teams,
31402,26-27-prem-manchester-city-vs-arsenal,2026-2027,23,43,3,2027-01-30,date_teams,
31403,26-27-prem-liverpool-vs-everton,2026-2027,23,14,11,2027-01-30,date_teams,
31404,26-27-prem-hull-city-vs-crystal-palace,2026-2027,23,88,31,2027-01-30,date_teams,
31405,26-27-prem-coventry-city-vs-leeds-united,2026-2027,23,9,2,2027-01-30,date_teams,
31406,26-27-prem-chelsea-vs-nottingham-forest,2026-2027,23,8,17,2027-01-30,date_teams,
31407,26-27-prem-brentford-vs-manchester-united,2026-2027,23,94,1,2027-01-30,date_teams,
31408,26-27-prem-aston-villa-vs-ipswich-town,2026-2027,23,7,40,2027-01-30,date_teams,
31409,26-27-prem-tottenham-hotspur-vs-sunderland,2026-2027,23,6,56,2027-01-30,date_teams,
31410,26-27-prem-ipswich-town-vs-tottenham-hotspur,2026-2027,24,40,6,2027-02-06,date_teams,
31411,26-27-prem-leeds-united-vs-afc-bournemouth,2026-2027,24,2,91,2027-02-06,date_teams,
31412,26-27-prem-manchester-united-vs-chelsea,2026-2027,24,1,8,2027-02-06,date_teams,
31413,26-27-prem-nottingham-forest-vs-brentford,2026-2027,24,17,94,2027-02-06,date_teams,
31414,26-27-prem-sunderland-vs-aston-villa,2026-2027,24,56,7,2027-02-06,date_teams,
31415,26-27-prem-arsenal-vs-liverpool,2026-2027,24,3,14,2027-02-06,date_teams,
31416,26-27-prem-brighton-hove-albion-vs-hull-city,2026-2027,24,36,88,2027-02-06,date_teams,
31417,26-27-prem-crystal-palace-vs-coventry-city,2026-2027,24,31,9,2027-02-06,date_teams,
31418,26-27-prem-everton-vs-newcastle-united,2026-2027,24,11,4,2027-02-06,date_teams,
31419,26-27-prem-fulham-vs-manchester-city,2026-2027,24,54,43,2027-02-06,date_teams,
31420,26-27-prem-aston-villa-vs-afc-bournemouth,2026-2027,25,7,91,2027-02-10,date_teams,
31421,26-27-prem-coventry-city-vs-liverpool,2026-2027,25,9,14,2027-02-10,date_teams,
31422,26-27-prem-crystal-palace-vs-brentford,2026-2027,25,31,94,2027-02-10,date_teams,
31423,26-27-prem-everton-vs-leeds-united,2026-2027,25,11,2,2027-02-10,date_teams,
31424,26-27-prem-fulham-vs-nottingham-forest,2026-2027,25,54,17,2027-02-10,date_teams,
31425,26-27-prem-hull-city-vs-sunderland,2026-2027,25,88,56,2027-02-10,date_teams,
31426,26-27-prem-ipswich-town-vs-arsenal,2026-2027,25,40,3,2027-02-10,date_teams,
31427,26-27-prem-manchester-united-vs-brighton-hove-albion,2026-2027,25,1,36,2027-02-10,date_teams,
31428,26-27-prem-newcastle-united-vs-chelsea,2026-2027,25,4,8,2027-02-10,date_teams,
31429,26-27-prem-tottenham-hotspur-vs-manchester-city,2026-2027,25,6,43,2027-02-10,date_teams,
31430,26-27-prem-afc-bournemouth-vs-crystal-palace,2026-2027,26,91,31,2027-02-20,date_teams,
31431,26-27-prem-arsenal-vs-fulham,2026-2027,26,3,54,2027-02-20,date_teams,
31432,26-27-prem-brentford-vs-coventry-city,2026-2027,26,94,9,2027-02-20,date_teams,
31433,26-27-prem-brighton-hove-albion-vs-tottenham-hotspur,2026-2027,26,36,6,2027-02-20,date_teams,
31434,26-27-prem-chelsea-vs-ipswich-town,2026-2027,26,8,40,2027-02-20,date_teams,
31435,26-27-prem-leeds-united-vs-aston-villa,2026-2027,26,2,7,2027-02-20,date_teams,
31436,26-27-prem-liverpool-vs-hull-city,2026-2027,26,14,88,2027-02-20,date_teams,
31437,26-27-prem-manchester-city-vs-newcastle-united,2026-2027,26,43,4,2027-02-20,date_teams,
31438,26-27-prem-nottingham-forest-vs-manchester-united,2026-2027,26,17,1,2027-02-20,date_teams,
31439,26-27-prem-sunderland-vs-everton,2026-2027,26,56,11,2027-02-20,date_teams,
31440,26-27-prem-aston-villa-vs-chelsea,2026-2027,27,7,8,2027-02-27,date_teams,
31441,26-27-prem-coventry-city-vs-afc-bournemouth,2026-2027,27,9,91,2027-02-27,date_teams,
31442,26-27-prem-crystal-palace-vs-sunderland,2026-2027,27,31,56,2027-02-27,date_teams,
31443,26-27-prem-everton-vs-nottingham-forest,2026-2027,27,11,17,2027-02-27,date_teams,
31444,26-27-prem-fulham-vs-leeds-united,2026-2027,27,54,2,2027-02-27,date_teams,
31445,26-27-prem-hull-city-vs-manchester-city,2026-2027,27,88,43,2027-02-27,date_teams,
31446,26-27-prem-ipswich-town-vs-brighton-hove-albion,2026-2027,27,40,36,2027-02-27,date_teams,
31447,26-27-prem-manchester-united-vs-arsenal,2026-2027,27,1,3,2027-02-27,date_teams,
31448,26-27-prem-newcastle-united-vs-brentford,2026-2027,27,4,94,2027-02-27,date_teams,
31449,26-27-prem-tottenham-hotspur-vs-liverpool,2026-2027,27,6,14,2027-02-27,date_teams,
31450,26-27-prem-afc-bournemouth-vs-tottenham-hotspur,2026-2027,28,91,6,2027-03-03,date_teams,
31451,26-27-prem-arsenal-vs-crystal-palace,2026-2027,28,3,31,2027-03-03,date_teams,
31452,26-27-prem-brentford-vs-ipswich-town,2026-2027,28,94,40,2027-03-03,date_teams,
31453,26-27-prem-brighton-hove-albion-vs-fulham,2026-2027,28,36,54,2027-03-03,date_teams,
31454,26-27-prem-chelsea-vs-coventry-city,2026-2027,28,8,9,2027-03-03,date_teams,
31455,26-27-prem-leeds-united-vs-hull-city,2026-2027,28,2,88,2027-03-03,date_teams,
31456,26-27-prem-liverpool-vs-aston-villa,2026-2027,28,14,7,2027-03-03,date_teams,
31457,26-27-prem-manchester-city-vs-everton,2026-2027,28,43,11,2027-03-03,date_teams,
31458,26-27-prem-nottingham-forest-vs-newcastle-united,2026-2027,28,17,4,2027-03-03,date_teams,
31459,26-27-prem-sunderland-vs-manchester-united,2026-2027,28,56,1,2027-03-03,date_teams,
31460,26-27-prem-afc-bournemouth-vs-newcastle-united,2026-2027,29,91,4,2027-03-13,date_teams,
31461,26-27-prem-aston-villa-vs-hull-city,2026-2027,29,7,88,2027-03-13,date_teams,
31462,26-27-prem-chelsea-vs-arsenal,2026-2027,29,8,3,2027-03-13,date_teams,
31463,26-27-prem-coventry-city-vs-manchester-city,2026-2027,29,9,43,2027-03-13,date_teams,
31464,26-27-prem-crystal-palace-vs-fulham,2026-2027,29,31,54,2027-03-13,date_teams,
31465,26-27-prem-leeds-united-vs-brighton-hove-albion,2026-2027,29,2,36,2027-03-13,date_teams,
31466,26-27-prem-liverpool-vs-ipswich-town,2026-2027,29,14,40,2027-03-13,date_teams,
31467,26-27-prem-manchester-united-vs-everton,2026-2027,29,1,11,2027-03-13,date_teams,
31468,26-27-prem-sunderland-vs-brentford,2026-2027,29,56,94,2027-03-13,date_teams,
31469,26-27-prem-tottenham-hotspur-vs-nottingham-forest,2026-2027,29,6,17,2027-03-13,date_teams,
31470,26-27-prem-arsenal-vs-sunderland,2026-2027,30,3,56,2027-03-20,date_teams,
31471,26-27-prem-brentford-vs-afc-bournemouth,2026-2027,30,94,91,2027-03-20,date_teams,
31472,26-27-prem-brighton-hove-albion-vs-coventry-city,2026-2027,30,36,9,2027-03-20,date_teams,
31473,26-27-prem-everton-vs-tottenham-hotspur,2026-2027,30,11,6,2027-03-20,date_teams,
31474,26-27-prem-fulham-vs-liverpool,2026-2027,30,54,14,2027-03-20,date_teams,
31475,26-27-prem-hull-city-vs-chelsea,2026-2027,30,88,8,2027-03-20,date_teams,
31476,26-27-prem-ipswich-town-vs-crystal-palace,2026-2027,30,40,31,2027-03-20,date_teams,
31477,26-27-prem-manchester-city-vs-manchester-united,2026-2027,30,43,1,2027-03-20,date_teams,
31478,26-27-prem-newcastle-united-vs-leeds-united,2026-2027,30,4,2,2027-03-20,date_teams,
31479,26-27-prem-nottingham-forest-vs-aston-villa,2026-2027,30,17,7,2027-03-20,date_teams,
31480,26-27-prem-afc-bournemouth-vs-manchester-city,2026-2027,31,91,43,2027-04-10,date_teams,
31481,26-27-prem-aston-villa-vs-brighton-hove-albion,2026-2027,31,7,36,2027-04-10,date_teams,
31482,26-27-prem-chelsea-vs-fulham,2026-2027,31,8,54,2027-04-10,date_teams,
31483,26-27-prem-coventry-city-vs-arsenal,2026-2027,31,9,3,2027-04-10,date_teams,
31484,26-27-prem-crystal-palace-vs-everton,2026-2027,31,31,11,2027-04-10,date_teams,
31485,26-27-prem-leeds-united-vs-nottingham-forest,2026-2027,31,2,17,2027-04-10,date_teams,
31486,26-27-prem-liverpool-vs-newcastle-united,2026-2027,31,14,4,2027-04-10,date_teams,
31487,26-27-prem-manchester-united-vs-hull-city,2026-2027,31,1,88,2027-04-10,date_teams,
31488,26-27-prem-sunderland-vs-ipswich-town,2026-2027,31,56,40,2027-04-10,date_teams,
31489,26-27-prem-tottenham-hotspur-vs-brentford,2026-2027,31,6,94,2027-04-10,date_teams,
31490,26-27-prem-arsenal-vs-aston-villa,2026-2027,32,3,7,2027-04-17,date_teams,
31491,26-27-prem-brentford-vs-leeds-united,2026-2027,32,94,2,2027-04-17,date_teams,
31492,26-27-prem-brighton-hove-albion-vs-chelsea,2026-2027,32,36,8,2027-04-17,date_teams,
31493,26-27-prem-everton-vs-afc-bournemouth,2026-2027,32,11,91,2027-04-17,date_teams,
31494,26-27-prem-fulham-vs-sunderland,2026-2027,32,54,56,2027-04-17,date_teams,
31495,26-27-prem-hull-city-vs-coventry-city,2026-2027,32,88,9,2027-04-17,date_teams,
31496,26-27-prem-ipswich-town-vs-manchester-united,2026-2027,32,40,1,2027-04-17,date_teams,
31497,26-27-prem-manchester-city-vs-crystal-palace,2026-2027,32,43,31,2027-04-17,date_teams,
31498,26-27-prem-newcastle-united-vs-tottenham-hotspur,2026-2027,32,4,6,2027-04-17,date_teams,
31499,26-27-prem-nottingham-forest-vs-liverpool,2026-2027,32,17,14,2027-04-17,date_teams,
31500,26-27-prem-afc-bournemouth-vs-arsenal,2026-2027,33,91,3,2027-04-24,date_teams,
31501,26-27-prem-aston-villa-vs-coventry-city,2026-2027,33,7,9,2027-04-24,date_teams,
31502,26-27-prem-brentford-vs-fulham,2026-2027,33,94,54,2027-04-24,date_teams,
31503,26-27-prem-chelsea-vs-manchester-city,2026-2027,33,8,43,2027-04-24,date_teams,
31504,26-27-prem-everton-vs-brighton-hove-albion,2026-2027,33,11,36,2027-04-24,date_teams,
31505,26-27-prem-leeds-united-vs-liverpool,2026-2027,33,2,14,2027-04-24,date_teams,
31506,26-27-prem-manchester-united-vs-crystal-palace,2026-2027,33,1,31,2027-04-24,date_teams,
31507,26-27-prem-newcastle-united-vs-ipswich-town,2026-2027,33,4,40,2027-04-24,date_teams,
31508,26-27-prem-nottingham-forest-vs-sunderland,2026-2027,33,17,56,2027-04-24,date_teams,
31509,26-27-prem-tottenham-hotspur-vs-hull-city,2026-2027,33,6,88,2027-04-24,date_teams,
31510,26-27-prem-arsenal-vs-tottenham-hotspur,2026-2027,34,3,6,2027-05-01,date_teams,
31511,26-27-prem-brighton-hove-albion-vs-nottingham-forest,2026-2027,34,36,17,2027-05-01,date_teams,
31512,26-27-prem-coventry-city-vs-manchester-united,2026-2027,34,9,1,2027-05-01,date_teams,
31513,26-27-prem-crystal-palace-vs-aston-villa,2026-2027,34,31,7,2027-05-01,date_teams,
31514,26-27-prem-fulham-vs-everton,2026-2027,34,54,11,2027-05-01,date_teams,
31515,26-27-prem-hull-city-vs-afc-bournemouth,2026-2027,34,88,91,2027-05-01,date_teams,
31516,26-27-prem-ipswich-town-vs-leeds-united,2026-2027,34,40,2,2027-05-01,date_teams,
31517,26-27-prem-liverpool-vs-chelsea,2026-2027,34,14,8,2027-05-01,date_teams,
31518,26-27-prem-manchester-city-vs-brentford,2026-2027,34,43,94,2027-05-01,date_teams,
31519,26-27-prem-sunderland-vs-newcastle-united,2026-2027,34,56,4,2027-05-01,date_teams,
31520,26-27-prem-afc-bournemouth-vs-manchester-united,2026-2027,35,91,1,2027-05-08,date_teams,
31521,26-27-prem-brentford-vs-aston-villa,2026-2027,35,94,7,2027-05-08,date_teams,
31522,26-27-prem-brighton-hove-albion-vs-sunderland,2026-2027,35,36,56,2027-05-08,date_teams,
31523,26-27-prem-everton-vs-hull-city,2026-2027,35,11,88,2027-05-08,date_teams,
31524,26-27-prem-fulham-vs-ipswich-town,2026-2027,35,54,40,2027-05-08,date_teams,
31525,26-27-prem-leeds-united-vs-arsenal,2026-2027,35,2,3,2027-05-08,date_teams,
31526,26-27-prem-newcastle-united-vs-coventry-city,2026-2027,35,4,9,2027-05-08,date_teams,
31527,26-27-prem-nottingham-forest-vs-crystal-palace,2026-2027,35,17,31,2027-05-08,date_teams,
31528,26-27-prem-tottenham-hotspur-vs-chelsea,2026-2027,35,6,8,2027-05-08,date_teams,
31529,26-27-prem-manchester-city-vs-liverpool,2026-2027,35,43,14,2027-05-08,date_teams,
31530,26-27-prem-arsenal-vs-nottingham-forest,2026-2027,36,3,17,2027-05-15,date_teams,
31531,26-27-prem-aston-villa-vs-newcastle-united,2026-2027,36,7,4,2027-05-15,date_teams,
31532,26-27-prem-chelsea-vs-everton,2026-2027,36,8,11,2027-05-15,date_teams,
31533,26-27-prem-coventry-city-vs-tottenham-hotspur,2026-2027,36,9,6,2027-05-15,date_teams,
31534,26-27-prem-crystal-palace-vs-brighton-hove-albion,2026-2027,36,31,36,2027-05-15,date_teams,
31535,26-27-prem-hull-city-vs-fulham,2026-2027,36,88,54,2027-05-15,date_teams,
31536,26-27-prem-ipswich-town-vs-manchester-city,2026-2027,36,40,43,2027-05-15,date_teams,
31537,26-27-prem-liverpool-vs-brentford,2026-2027,36,14,94,2027-05-15,date_teams,
31538,26-27-prem-manchester-united-vs-leeds-united,2026-2027,36,1,2,2027-05-15,date_teams,
31539,26-27-prem-sunderland-vs-afc-bournemouth,2026-2027,36,56,91,2027-05-15,date_teams,
31540,26-27-prem-afc-bournemouth-vs-chelsea,2026-2027,37,91,8,2027-05-23,date_teams,
31541,26-27-prem-brentford-vs-hull-city,2026-2027,37,94,88,2027-05-23,date_teams,
31542,26-27-prem-brighton-hove-albion-vs-liverpool,2026-2027,37,36,14,2027-05-23,date_teams,
31543,26-27-prem-everton-vs-arsenal,2026-2027,37,11,3,2027-05-23,date_teams,
31544,26-27-prem-fulham-vs-coventry-city,2026-2027,37,54,9,2027-05-23,date_teams,
31545,26-27-prem-leeds-united-vs-sunderland,2026-2027,37,2,56,2027-05-23,date_teams,
31546,26-27-prem-manchester-city-vs-aston-villa,2026-2027,37,43,7,2027-05-23,date_teams,
31547,26-27-prem-newcastle-united-vs-crystal-palace,2026-2027,37,4,31,2027-05-23,date_teams,
31548,26-27-prem-nottingham-forest-vs-ipswich-town,2026-2027,37,17,40,2027-05-23,date_teams,
31549,26-27-prem-tottenham-hotspur-vs-manchester-united,2026-2027,37,6,1,2027-05-23,date_teams,
31550,26-27-prem-chelsea-vs-brentford,2026-2027,38,8,94,2027-05-30,date_teams,
31551,26-27-prem-coventry-city-vs-nottingham-forest,2026-2027,38,9,17,2027-05-30,date_teams,
31552,26-27-prem-crystal-palace-vs-leeds-united,2026-2027,38,31,2,2027-05-30,date_teams,
31553,26-27-prem-aston-villa-vs-tottenham-hotspur,2026-2027,38,7,6,2027-05-30,date_teams,
31554,26-27-prem-arsenal-vs-brighton-hove-albion,2026-2027,38,3,36,2027-05-30,date_teams,
31555,26-27-prem-hull-city-vs-newcastle-united,2026-2027,38,88,4,2027-05-30,date_teams,
31556,26-27-prem-ipswich-town-vs-everton,2026-2027,38,40,11,2027-05-30,date_teams,
31557,26-27-prem-liverpool-vs-afc-bournemouth,2026-2027,38,14,91,2027-05-30,date_teams,
31558,26-27-prem-manchester-united-vs-fulham,2026-2027,38,1,54,2027-05-30,date_teams,
31559,26-27-prem-sunderland-vs-manchester-city,2026-2027,38,56,43,2027-05-30,date_teams,
