understat_player_id,player_code,player_name,web_name,fpl_full_name,team_codes,seasons,method,score,status,reason
8942,472713,Aaron Hickey,Hickey,Aaron Hickey,94,"2025-2026,2026-2027",exact_name,100.0,accepted,""
5603,225321,Aaron Ramsdale,Ramsdale,Aaron Ramsdale,4,2025-2026,exact_name,100.0,accepted,""
5584,214590,Aaron Wan-Bissaka,Wan-Bissaka,Aaron Wan-Bissaka,"7,21","2025-2026,2026-2027",exact_name,100.0,accepted,""
12911,531442,Abdul Fatawu,Fatawu,Abdul Fatawu,40,2026-2027,exact_name,100.0,accepted,""
11763,578153,Abduqodir Khusanov,Khusanov,Abdukodir Khusanov,43,"2025-2026,2026-2027",last_initial,96.0,accepted,""
4419,155511,Adam Armstrong,Armstrong,Adam Armstrong,39,2025-2026,exact_name,100.0,accepted,""
825,54469,Adam Smith,Smith,Adam Smith,91,"2025-2026,2026-2027",exact_name,100.0,accepted,""
12409,496221,Adam Wharton,Wharton,Adam Wharton,31,"2025-2026,2026-2027",exact_name,100.0,accepted,""
900,159533,Adama Traoré,Adama,Adama Traoré Diarra,"21,54",2025-2026,contains_name,97.0,accepted,""
8640,494521,Adrien Truffert,Truffert,Adrien Truffert,91,"2025-2026,2026-2027",exact_name,100.0,accepted,""
1750,154043,Ainsley Maitland-Niles,Maitland-Niles,Ainsley Maitland-Niles,11,2026-2027,exact_name,100.0,accepted,""
13214,632794,Aladji Bamba,Bamba,Aladji Bamba,4,2026-2027,exact_name,100.0,accepted,""
10552,493105,Alejandro Garnacho,Garnacho,Alejandro Garnacho Ferreyra,"7,8","2025-2026,2026-2027",contains_name,97.0,accepted,""
12168,551483,Alejandro Jiménez,A.Jimenez,Álex Jiménez Sánchez,91,2025-2026,web_last_initial,95.5,accepted,""
500,153133,Alex Iwobi,Iwobi,Alex Iwobi,54,"2025-2026,2026-2027",exact_name,100.0,accepted,""
12199,545477,Alex Murphy,A.Murphy,Alex Murphy,4,2025-2026,exact_name,100.0,accepted,""
12149,503139,Alex Scott,Scott,Alex Scott,91,"2025-2026,2026-2027",exact_name,100.0,accepted,""
14374,614574,Alex Tóth,Tóth.A,Alex Tóth,91,"2025-2026,2026-2027",exact_name,100.0,accepted,""
5232,219168,Alexander Isak,Isak,Alexander Isak,14,"2025-2026,2026-2027",exact_name,100.0,accepted,""
8379,243016,Alexis Mac Allister,Mac Allister,Alexis Mac Allister,14,"2025-2026,2026-2027",exact_name,100.0,accepted,""
1257,116535,Alisson,A.Becker,Alisson Becker,14,"2025-2026,2026-2027",contains_name,97.0,accepted,""
2310,84182,Alphonse Areola,Areola,Alphonse Areola,21,2025-2026,exact_name,100.0,accepted,""
12054,451302,Altay Bayindir,Bayindir,Altay Bayındır,1,2025-2026,exact_name,100.0,accepted,""
11186,561245,Alvaro Rodríguez,Rodríguez,Álvaro Rodríguez,91,2026-2027,exact_name,100.0,accepted,""
14446,653481,Alysson Edward,Alysson,Alysson Edward Franco da Rocha dos Santos,7,"2025-2026,2026-2027",contains_name,97.0,accepted,""
8127,493250,Amad Diallo Traore,Amad,Amad Diallo,1,2025-2026,contains_name,97.0,accepted,""
9667,449871,Amadou Onana,Onana,Amadou Onana,7,2025-2026,exact_name,100.0,accepted,""
13456,463726,Amar Dedic,Dedić,Amar Dedic,4,2026-2027,exact_name,100.0,accepted,""
8211,489888,Amine Adli,Adli,Amine Adli,91,2025-2026,exact_name,100.0,accepted,""
14770,570794,Anan Khalaili,Khalaili,Anan Khalaili,31,2026-2027,exact_name,100.0,accepted,""
1688,122798,Andrew Robertson,Robertson,Andrew Robertson,"6,14","2025-2026,2026-2027",exact_name,100.0,accepted,""
11808,532605,Andrey Santos,Andrey Santos,Andrey Nascimento dos Santos,"1,8","2025-2026,2026-2027",exact_web,99.0,accepted,""
13022,509291,André,André,André Trindade da Costa Neto,39,2025-2026,exact_web,99.0,accepted,""
13392,606798,Andrés García,A.García,Andrés García,7,2025-2026,exact_name,100.0,accepted,""
12774,229384,Andy Irving,Irving,Andy Irving,21,2025-2026,exact_name,100.0,accepted,""
5598,209041,Angel Gomes,Angel,Angel Gomes,39,2025-2026,exact_name,100.0,accepted,""
5544,107265,Angus Gunn,Gunn,Angus Gunn,17,2025-2026,exact_name,100.0,accepted,""
9524,449434,Anthony Elanga,Elanga,Anthony Elanga,4,"2025-2026,2026-2027",exact_name,100.0,accepted,""
8150,232826,Anthony Gordon,Gordon,Anthony Gordon,4,2025-2026,exact_name,100.0,accepted,""
11363,437730,Antoine Semenyo,Semenyo,Antoine Semenyo,"43,91","2025-2026,2026-2027",exact_name,100.0,accepted,""
9910,466525,Anton Stach,Stach,Anton Stach,2,"2025-2026,2026-2027",exact_name,100.0,accepted,""
8940,169528,Antonee Robinson,Robinson,Antonee Robinson,54,"2025-2026,2026-2027",exact_name,100.0,accepted,""
13780,543295,Antoni Milambo,Milambo,Antoni Milambo,94,2025-2026,exact_name,100.0,accepted,""
13348,485055,Antonín Kinsky,Kinsky,Antonín Kinský,6,"2025-2026,2026-2027",exact_name,100.0,accepted,""
14859,483067,António Silva,Silva,António João Pereira de Albuquerque Tavares da Silva,91,2026-2027,last_initial,96.0,accepted,""
13834,248056,Ao Tanaka,Tanaka,Tanaka Ao,2,"2025-2026,2026-2027",fuzzy_team,100.0,accepted,""
10184,547701,Archie Gray,Gray,Archie Gray,6,"2025-2026,2026-2027",exact_name,100.0,accepted,""
8384,440323,Armando Broja,Broja,Armando Broja,90,2025-2026,exact_name,100.0,accepted,""
8056,465680,Arnaud Kalimuendo Muinga,Kalimuendo,Arnaud Kalimuendo,17,"2025-2026,2026-2027",contains_name,97.0,accepted,""
1760,105717,Arthur Masuaku,Masuaku,Arthur Masuaku,56,2025-2026,exact_name,100.0,accepted,""
4422,44699,Ashley Barnes,Barnes,Ashley Barnes,90,2025-2026,exact_name,100.0,accepted,""
12955,539142,Aurèle Amenda,Amenda,Aurèle Amenda,9,2026-2027,exact_name,100.0,accepted,""
6885,220362,Axel Disasi,Disasi,Axel Disasi,"21,31","2025-2026,2026-2027",exact_name,100.0,accepted,""
934,180804,Axel Tuanzebe,Tuanzebe,Axel Tuanzebe,90,2025-2026,exact_name,100.0,accepted,""
13080,606745,Ayden Heaven,Heaven,Ayden Heaven,1,"2025-2026,2026-2027",exact_name,100.0,accepted,""
12162,637238,Ayyoub Bouaddi,Bouaddi,Ayyoub Bouaddi,43,2026-2027,exact_name,100.0,accepted,""
7268,242882,Bafode Diakite,Diakité,Bafodé Diakité,91,2025-2026,exact_name,100.0,accepted,""
11711,489639,Bart Verbruggen,Verbruggen,Bart Verbruggen,36,"2025-2026,2026-2027",exact_name,100.0,accepted,""
11243,461188,Bashir Humphreys,Humphreys,Bashir Humphreys,90,2025-2026,exact_name,100.0,accepted,""
13427,611665,Bazoumana Touré,Touré,Bazoumana Touré,4,2026-2027,exact_name,100.0,accepted,""
782,172850,Ben Chilwell,Chilwell,Ben Chilwell,31,2026-2027,exact_name,100.0,accepted,""
660,115556,Ben Davies,Davies,Ben Davies,6,2025-2026,exact_name,100.0,accepted,""
11231,496208,Ben Doak,Gannon-Doak,Ben Gannon-Doak,91,"2025-2026,2026-2027",last_initial,96.0,accepted,""
7298,198869,Ben White,White,Benjamin White,3,"2025-2026,2026-2027",last_initial,96.0,accepted,""
13242,606775,Ben Winterburn,Winterburn,Ben Winterburn,91,2025-2026,exact_name,100.0,accepted,""
14266,576620,Bendito Mantato,Bendito Mantato,Bendito Mantato,1,2025-2026,exact_name,100.0,accepted,""
11974,485711,Benjamin Sesko,Šeško,Benjamin Sesko,1,"2025-2026,2026-2027",exact_name,100.0,accepted,""
7240,242880,Benoit Badiashile Mukinayi,B.Badiashile,Benoît Badiashile Mukinayi,8,2025-2026,exact_name,100.0,accepted,""
3635,165809,Bernardo Silva,Bernardo,Bernardo Mota Veiga de Carvalho e Silva,43,2025-2026,last_initial,96.0,accepted,""
181,80201,Bernd Leno,Leno,Bernd Leno,54,"2025-2026,2026-2027",exact_name,100.0,accepted,""
695,110504,Bertrand Traoré,Traoré,Bertrand Traoré,56,2025-2026,exact_name,100.0,accepted,""
9983,486385,Beto,Beto,Norberto Bercique Gomes Betuncal,11,"2025-2026,2026-2027",exact_web,99.0,accepted,""
8483,461102,Bobby Thomas,Thomas,Bobby Thomas,9,2026-2027,exact_name,100.0,accepted,""
7075,218364,Borna Sosa,Sosa,Borna Sosa,31,2025-2026,exact_name,100.0,accepted,""
5789,226944,Boubacar Kamara,Kamara,Boubacar Kamara,7,"2025-2026,2026-2027",exact_name,100.0,accepted,""
10016,482616,Bradley Barcola,Barcola,Bradley Barcola,14,2026-2027,exact_name,100.0,accepted,""
13870,645618,Bradley Burrowes,Burrowes,Bradley Burrowes,7,2025-2026,exact_name,100.0,accepted,""
11310,513433,Brajan Gruda,Gruda,Brajan Gruda,36,2025-2026,exact_name,100.0,accepted,""
14745,230730,Brandon Thomas-Asante,Thomas-Asante,Brandon Thomas-Asante,9,2026-2027,exact_name,100.0,accepted,""
10751,427637,Brenden Aaronson,Aaronson,Brenden Aaronson,2,"2025-2026,2026-2027",exact_name,100.0,accepted,""
10760,242898,Brennan Johnson,Johnson,Brennan Johnson,"6,11,31","2025-2026,2026-2027",exact_name,100.0,accepted,""
9789,441264,Brian Brobbey,Brobbey,Brian Brobbey,56,"2025-2026,2026-2027",exact_name,100.0,accepted,""
13136,496181,Brooke Norton-Cuffy,Norton-Cuffy,Brooke Norton-Cuffy,88,2026-2027,exact_name,100.0,accepted,""
1228,141746,Bruno Fernandes,B.Fernandes,Bruno Borges Fernandes,1,"2025-2026,2026-2027",last_initial,96.0,accepted,""
8327,208706,Bruno Guimarães,Bruno G.,Bruno Guimarães Rodriguez Moura,"3,4","2025-2026,2026-2027",contains_name,97.0,accepted,""
6552,446008,Bryan Mbeumo,Mbeumo,Bryan Mbeumo,1,"2025-2026,2026-2027",exact_name,100.0,accepted,""
7322,223340,Bukayo Saka,Saka,Bukayo Saka,3,"2025-2026,2026-2027",exact_name,100.0,accepted,""
14744,661888,Caleb Yirenkyi,Yirenkyi,Caleb Yirenkyi,9,2026-2027,exact_name,100.0,accepted,""
6456,209046,Callum Hudson-Odoi,Hudson-Odoi,Callum Hudson-Odoi,17,"2025-2026,2026-2027",exact_name,100.0,accepted,""
12359,565431,Callum Marshall,Marshall,Callum Marshall,21,2025-2026,exact_name,100.0,accepted,""
13224,499726,Callum Olusesi,Olusesi,Callum Olusesi,6,2025-2026,exact_name,100.0,accepted,""
468,75115,Callum Wilson,Wilson,Callum Wilson,"21,94","2025-2026,2026-2027",exact_name,100.0,accepted,""
11728,232892,Calvin Bassey,Bassey,Calvin Bassey,54,"2025-2026,2026-2027",exact_name,100.0,accepted,""
7904,200720,Caoimhin Kelleher,Kelleher,Caoimhín Kelleher,94,"2025-2026,2026-2027",exact_name,100.0,accepted,""
12760,472739,Carl Rushworth,Rushworth,Carl Rushworth,9,2026-2027,exact_name,100.0,accepted,""
11297,502697,Carlos Alcaraz,Alcaraz,Carlos Alcaraz Durán,11,"2025-2026,2026-2027",contains_name,97.0,accepted,""
10527,535301,Carlos Baleba,Baleba,Carlos Baleba,36,2025-2026,exact_name,100.0,accepted,""
2248,61256,Casemiro,Casemiro,Carlos Henrique Casimiro,1,2025-2026,exact_web,99.0,accepted,""
11167,515621,Chadi Riad,Chadi Riad,Chadi Riad Dnanou,31,"2025-2026,2026-2027",exact_web,99.0,accepted,""
14118,647850,Charalampos Kostoulas,Kostoulas,Charalampos Kostoulas,36,"2025-2026,2026-2027",exact_name,100.0,accepted,""
13078,592984,Chema Andres,,,36,2026-2027,override,100.0,accepted,Chema Andrés is José María Andrés Baixauli (Brighton)
13717,549912,Chemsdine Talbi,Talbi,Chemsdine Talbi,56,"2025-2026,2026-2027",exact_name,100.0,accepted,""
9451,503714,Chimuanya Ugochukwu,Ugochukwu,Lesley Ugochukwu,90,2025-2026,last_unique,72.0,accepted,""
8430,427623,Chris Richards,Richards,Chris Richards,31,"2025-2026,2026-2027",exact_name,100.0,accepted,""
13719,554197,Chris Rigg,Rigg,Chris Rigg,56,"2025-2026,2026-2027",exact_name,100.0,accepted,""
4456,60689,Chris Wood,Wood,Chris Wood,17,"2025-2026,2026-2027",exact_name,100.0,accepted,""
12726,660392,Christantus Uche,Uche,Christantus Uche,31,2025-2026,exact_name,100.0,accepted,""
7083,128295,Christian Nørgaard,Nørgaard,Christian Nørgaard,3,2025-2026,exact_name,100.0,accepted,""
9251,108813,Christian Walton,Walton,Christian Walton,40,2026-2027,exact_name,100.0,accepted,""
9746,439509,Christos Tzolis,Tzolis,Christos Tzolis,3,2026-2027,exact_name,100.0,accepted,""
1790,147675,Chuba Akpom,Akpom,Chuba Akpom,40,2026-2027,exact_name,100.0,accepted,""
9499,433590,Cody Drameh,Drameh,Cody Drameh,88,2026-2027,exact_name,100.0,accepted,""
11296,243298,Cody Gakpo,Gakpo,Cody Gakpo,14,"2025-2026,2026-2027",exact_name,100.0,accepted,""
8497,244851,Cole Palmer,Palmer,Cole Palmer,8,"2025-2026,2026-2027",exact_name,100.0,accepted,""
10120,492777,Conor Bradley,Bradley,Conor Bradley,14,2025-2026,exact_name,100.0,accepted,""
9040,232787,Conor Gallagher,Gallagher,Conor Gallagher,6,"2025-2026,2026-2027",exact_name,100.0,accepted,""
14854,451490,Costinha,Costinha,João Pedro Loureiro da Costa,36,2026-2027,exact_web,99.0,accepted,""
10024,500040,Cristhian Mosquera,Mosquera,Cristhian Mosquera,3,"2025-2026,2026-2027",exact_name,100.0,accepted,""
7218,221632,Cristian Romero,Romero,Cristian Romero,6,2025-2026,exact_name,100.0,accepted,""
9492,450070,Crysencio Summerville,Summerville,Crysencio Summerville,21,2025-2026,exact_name,100.0,accepted,""
6665,206915,Curtis Jones,C.Jones,Curtis Jones,14,2025-2026,exact_name,100.0,accepted,""
14352,571779,César Palacios,Palacios,César Palacios,54,2026-2027,exact_name,100.0,accepted,""
6145,209400,Daichi Kamada,Kamada,Daichi Kamada,31,"2025-2026,2026-2027",exact_name,100.0,accepted,""
14772,442967,Daizen Maeda,Maeda,Daizen Maeda,40,2026-2027,exact_name,100.0,accepted,""
13715,223827,Dan Ballard,Ballard,Daniel Ballard,56,"2025-2026,2026-2027",last_initial,96.0,accepted,""
7382,78916,Dan Burn,Burn,Dan Burn,4,2025-2026,exact_name,100.0,accepted,""
8662,456512,Dan Ndoye,Ndoye,Dan Ndoye,17,"2025-2026,2026-2027",exact_name,100.0,accepted,""
13720,223336,Dan Neil,Neil,Dan Neil,56,2025-2026,exact_name,100.0,accepted,""
9332,490145,Dane Scarlett,Scarlett,Dane Scarlett,6,2025-2026,exact_name,100.0,accepted,""
9662,533463,Dango Ouattara,O.Dango,Dango Ouattara,94,"2025-2026,2026-2027",exact_name,100.0,accepted,""
11361,79602,Daniel Bentley,Bentley,Daniel Bentley,39,2025-2026,exact_name,100.0,accepted,""
5595,200617,Daniel James,James,Daniel James,2,"2025-2026,2026-2027",exact_name,100.0,accepted,""
9509,523700,Daniel Jebbison,Jebbison,Daniel Jebbison,91,2026-2027,exact_name,100.0,accepted,""
12408,247348,Daniel Muñoz,Muñoz,Daniel Muñoz Mejía,"17,31","2025-2026,2026-2027",contains_name,97.0,accepted,""
501,50175,Danny Welbeck,Welbeck,Danny Welbeck,"8,36","2025-2026,2026-2027",exact_name,100.0,accepted,""
8756,216616,Dara O&#039;Shea,O'Shea,Dara O'Shea,40,2026-2027,exact_name,100.0,accepted,""
4391,176420,Darnell Furlong,Furlong,Darnell Furlong,40,2026-2027,exact_name,100.0,accepted,""
15045,533646,Darío Osorio,Osorio,Darío Osorio,31,2026-2027,exact_name,100.0,accepted,""
13837,442299,David Affengruber,Affengruber,David Affengruber,54,2026-2027,exact_name,100.0,accepted,""
6820,111317,David Brooks,Brooks,David Brooks,91,"2025-2026,2026-2027",exact_name,100.0,accepted,""
13740,497949,David Møller Wolfe,Møller Wolfe,David Møller Wolfe,39,2025-2026,exact_name,100.0,accepted,""
9676,154561,David Raya,Raya,David Raya Martín,3,"2025-2026,2026-2027",contains_name,97.0,accepted,""
7702,172649,Dean Henderson,Henderson,Dean Henderson,31,"2025-2026,2026-2027",exact_name,100.0,accepted,""
5553,204480,Declan Rice,Rice,Declan Rice,3,"2025-2026,2026-2027",exact_name,100.0,accepted,""
8537,461195,Dennis Cirkin,Cirkin,Dennis Cirkin,56,2025-2026,exact_name,100.0,accepted,""
10169,550090,Diego Coppola,Coppola,Diego Coppola,36,2025-2026,exact_name,100.0,accepted,""
13364,514254,Diego Gómez,Gomez,Diego Gómez Amarilla,36,"2025-2026,2026-2027",contains_name,97.0,accepted,""
8920,476887,Dilane Bakwa,Bakwa,Dilane Bakwa,17,2025-2026,exact_name,100.0,accepted,""
7281,216051,Diogo Dalot,Dalot,Diogo Dalot Teixeira,1,"2025-2026,2026-2027",contains_name,97.0,accepted,""
14055,590039,Divine Mukasa,Mukasa,Divine Mukasa,43,2025-2026,exact_name,100.0,accepted,""
10764,232859,Djed Spence,Spence,Djed Spence,6,2025-2026,exact_name,100.0,accepted,""
14460,699989,Djiamgone Jocelin Ta Bi,Jocelin.T,Djiamgone Jocelin Ta Bi,56,2025-2026,exact_name,100.0,accepted,""
12032,457569,Djordje Petrovic,Petrović,Đorđe Petrović,91,"2025-2026,2026-2027",last_initial,96.0,accepted,""
5555,177815,Dominic Calvert-Lewin,Calvert-Lewin,Dominic Calvert-Lewin,2,"2025-2026,2026-2027",exact_name,100.0,accepted,""
1679,154566,Dominic Solanke,Solanke,Dominic Solanke-Mitchell,6,"2025-2026,2026-2027",contains_name,97.0,accepted,""
9788,424876,Dominik Szoboszlai,Szoboszlai,Dominik Szoboszlai,14,"2025-2026,2026-2027",exact_name,100.0,accepted,""
9749,204646,Donyell Malen,Malen,Donyell Malen,7,2025-2026,exact_name,100.0,accepted,""
6122,230046,Douglas Luiz,Douglas Luiz,Douglas Luiz Soares de Paulo,"7,17",2025-2026,exact_web,99.0,accepted,""
6756,433154,Dwight McNeil,McNeil,Dwight McNeil,"11,31","2025-2026,2026-2027",exact_name,100.0,accepted,""
13094,491007,Dário Essugo,D.Essugo,Dário Luís Essugo,8,2025-2026,last_initial,96.0,accepted,""
8706,232413,Eberechi Eze,Eze,Eberechi Eze,"3,31","2025-2026,2026-2027",exact_name,100.0,accepted,""
6482,205533,Eddie Nketiah,Nketiah,Eddie Nketiah,31,"2025-2026,2026-2027",exact_name,100.0,accepted,""
13723,613804,El Hadji Malick Diouf,Diouf,El Hadji Malick Diouf,"21,94","2025-2026,2026-2027",exact_name,100.0,accepted,""
11504,560262,Eli Junior Kroupi,Kroupi.Jr,Junior Kroupi,91,2025-2026,contains_name,97.0,accepted,""
13718,564406,Eliezer Mayenda,Mayenda,Eliezer Mayenda Dossou,56,2025-2026,contains_name,97.0,accepted,""
9154,215379,Elliot Anderson,Anderson,Elliot Anderson,"17,43","2025-2026,2026-2027",exact_name,100.0,accepted,""
14763,608227,Elliot Stroud,Stroud,Elliot Stroud,88,2026-2027,exact_name,100.0,accepted,""
8582,218997,Ellis Simms,Simms,Ellis Simms,9,2026-2027,exact_name,100.0,accepted,""
14082,543968,Emersonn,Emersonn,Emersonn Correia da Silva,40,2026-2027,exact_web,99.0,accepted,""
1545,111773,Emil Krafth,Krafth,Emil Krafth,4,2025-2026,exact_name,100.0,accepted,""
7230,209289,Emile Smith-Rowe,Smith Rowe,Emile Smith Rowe,54,"2025-2026,2026-2027",exact_name,100.0,accepted,""
2203,195546,Emiliano Buendía,Buendía,Emiliano Buendía Stati,7,"2025-2026,2026-2027",contains_name,97.0,accepted,""
4401,98980,Emiliano Martinez,Martinez,Emiliano Martínez Romero,"7,8","2025-2026,2026-2027",contains_name,97.0,accepted,""
10856,516939,Emmanuel Agbadou,Agbadou,Emmanuel Agbadou,39,2025-2026,exact_name,100.0,accepted,""
6219,168636,Enes Ünal,Enes Ünal,Enes Ünal,91,2025-2026,exact_name,100.0,accepted,""
11356,448047,Enzo Fernández,Enzo,Enzo Fernández,"8,43","2025-2026,2026-2027",exact_name,100.0,accepted,""
8651,484420,Enzo Le Fée,E.Le Fée,Enzo Le Fée,56,"2025-2026,2026-2027",exact_name,100.0,accepted,""
14981,241293,Ephron Mason-Clark,Mason-Clark,Ephron Mason-Clark,9,2026-2027,exact_name,100.0,accepted,""
8260,223094,Erling Haaland,Haaland,Erling Haaland,43,"2025-2026,2026-2027",exact_name,100.0,accepted,""
13775,624773,Estêvão,Estêvão,Estêvão Almeida de Oliveira Gonçalves,8,"2025-2026,2026-2027",exact_web,99.0,accepted,""
6369,199598,Ethan Ampadu,Ampadu,Ethan Ampadu,2,"2025-2026,2026-2027",exact_name,100.0,accepted,""
11132,499175,Ethan Nwaneri,Nwaneri,Ethan Nwaneri,3,2025-2026,exact_name,100.0,accepted,""
9678,231065,Ethan Pinnock,Pinnock,Ethan Pinnock,"9,94","2025-2026,2026-2027",exact_name,100.0,accepted,""
12963,444102,Evanilson,Evanilson,Francisco Evanilson de Lima Barbosa,91,"2025-2026,2026-2027",exact_web,99.0,accepted,""
8006,485337,Evann Guessand,Guessand,Evann Guessand,"7,31","2025-2026,2026-2027",exact_name,100.0,accepted,""
8325,218543,Exequiel Palacios,Palacios,Exequiel Palacios,40,2026-2027,exact_name,100.0,accepted,""
13247,602903,Ezra Mayers,Mayers,Ezra Mayers,21,2025-2026,exact_name,100.0,accepted,""
7726,199798,Ezri Konsa Ngoyo,Konsa,Ezri Konsa Ngoyo,"3,7","2025-2026,2026-2027",exact_name,100.0,accepted,""
76,119471,Fabian Schär,Schär,Fabian Schär,4,"2025-2026,2026-2027",exact_name,100.0,accepted,""
9501,244858,Fabio Carvalho,Carvalho,Fábio Freitas Gouveia Carvalho,94,"2025-2026,2026-2027",last_initial,96.0,accepted,""
11362,536916,Facundo Buonanotte,Buonanotte,Facundo Buonanotte,"2,8",2025-2026,exact_name,100.0,accepted,""
1433,223541,Federico Chiesa,Chiesa,Federico Chiesa,14,2025-2026,exact_name,100.0,accepted,""
13066,231416,Ferdi Kadioglu,F.Kadıoğlu,Ferdi Kadıoğlu,36,"2025-2026,2026-2027",exact_name,100.0,accepted,""
13200,643135,Fernando López,Fer López,Fer López González,39,2025-2026,web_last_initial,95.5,accepted,""
9272,508479,Filip Jorgensen,Jörgensen,Filip Jörgensen,8,2025-2026,exact_name,100.0,accepted,""
8969,216055,Florentino Luís,Florentino,Florentino Ibrain Morris Luís,"40,90","2025-2026,2026-2027",last_initial,96.0,accepted,""
8397,494595,Florian Wirtz,Wirtz,Florian Wirtz,14,"2025-2026,2026-2027",exact_name,100.0,accepted,""
9681,428580,Frank Onyeka,Onyeka,Frank Onyeka,"9,94","2025-2026,2026-2027",exact_name,100.0,accepted,""
13724,490142,Freddie Potts,Potts,Freddie Potts,21,2025-2026,exact_name,100.0,accepted,""
852,155503,Freddie Woodman,Woodman,Freddie Woodman,14,2025-2026,exact_name,100.0,accepted,""
5613,226597,Gabriel,Gabriel,Gabriel dos Santos Magalhães,3,"2025-2026,2026-2027",exact_web,99.0,accepted,""
9944,243526,Gabriel Gudmundsson,Gudmundsson,Gabriel Gudmundsson,2,"2025-2026,2026-2027",exact_name,100.0,accepted,""
5543,205651,Gabriel Jesus,G.Jesus,Gabriel Fernando de Jesus,3,2025-2026,last_initial,96.0,accepted,""
7752,444145,Gabriel Martinelli,Martinelli,Gabriel Martinelli Silva,3,2025-2026,contains_name,97.0,accepted,""
12474,490885,George Earthy,Earthy,George Earthy,21,2025-2026,exact_name,100.0,accepted,""
14193,577285,George Hemmings,George Hemmings,George Hemmings,7,"2025-2026,2026-2027",exact_name,100.0,accepted,""
6937,463067,Georginio Rutter,Georginio,Georginio Rutter,36,"2025-2026,2026-2027",exact_name,100.0,accepted,""
14923,593117,Geovany Quenda,Quenda,Geovany Quenda,8,2026-2027,exact_name,100.0,accepted,""
1116,204936,Gianluigi Donnarumma,Donnarumma,Gianluigi Donnarumma,43,"2025-2026,2026-2027",exact_name,100.0,accepted,""
9693,449027,Giorgi Mamardashvili,Mamardashvili,Giorgi Mamardashvili,14,2025-2026,exact_name,100.0,accepted,""
12035,551466,Gonzalo García,Gonzalo,Gonzalo García,54,2026-2027,exact_name,100.0,accepted,""
204,84450,Granit Xhaka,Xhaka,Granit Xhaka,56,"2025-2026,2026-2027",exact_name,100.0,accepted,""
10485,572584,Guemissongui Ouattara,,,40,2026-2027,override,100.0,accepted,Guemissongui Ouattara is Abdoul Ouattara (Ipswich)
8858,184254,Guglielmo Vicario,Vicario,Guglielmo Vicario,6,2025-2026,exact_name,100.0,accepted,""
8267,197024,Guido Rodríguez,G.Rodriguez,Guido Rodríguez,21,2025-2026,exact_name,100.0,accepted,""
11839,196100,Gustavo Hamer,Hamer,Gustavo Hamer,9,2026-2027,exact_name,100.0,accepted,""
9767,547027,Habib Diarra,Diarra,Habib Diarra,56,"2025-2026,2026-2027",exact_name,100.0,accepted,""
6986,424044,Hamed Junior Traore,H.Traorè,Hamed Traorè,91,2025-2026,last_initial,96.0,accepted,""
9558,465527,Hannibal Mejbri,Hannibal,Hannibal Mejbri,90,2025-2026,exact_name,100.0,accepted,""
12757,609873,Harrison Armstrong,Armstrong,Harrison Armstrong,11,"2025-2026,2026-2027",exact_name,100.0,accepted,""
910,153366,Harrison Reed,Reed,Harrison Reed,54,2025-2026,exact_name,100.0,accepted,""
13584,597320,Harry Howell,Howell,Harry Howell,36,2025-2026,exact_name,100.0,accepted,""
1687,95658,Harry Maguire,Maguire,Harry Maguire,1,"2025-2026,2026-2027",exact_name,100.0,accepted,""
5596,153682,Harry Wilson,Wilson,Harry Wilson,"2,54","2025-2026,2026-2027",exact_name,100.0,accepted,""
6681,201666,Harvey Barnes,Barnes,Harvey Barnes,4,"2025-2026,2026-2027",exact_name,100.0,accepted,""
7546,444884,Harvey Elliott,Elliott,Harvey Elliott,"7,14",2025-2026,exact_name,100.0,accepted,""
14769,244860,Hayden Hackney,Hackney,Hayden Hackney,11,2026-2027,exact_name,100.0,accepted,""
8845,184754,Hee-Chan Hwang,Hee Chan,Hwang Hee-chan,39,2025-2026,fuzzy_team,100.0,accepted,""
14982,445028,Hidemasa Morita,Morita,Hidemasa Morita,88,2026-2027,exact_name,100.0,accepted,""
11704,478969,Hjalmar Ekdal,Ekdal,Hjalmar Ekdal,90,2025-2026,exact_name,100.0,accepted,""
12779,605972,Honest Ahanor,Ahanor,Honest Ahanor,31,2026-2027,exact_name,100.0,accepted,""
10140,490721,Hugo Bueno,H.Bueno,Hugo Bueno López,39,2025-2026,contains_name,97.0,accepted,""
8995,510663,Hugo Ekitike,Ekitiké,Hugo Ekitiké,14,2025-2026,exact_name,100.0,accepted,""
11911,551050,Hugo Larsson,Larsson,Hugo Larsson,54,2026-2027,exact_name,100.0,accepted,""
12595,507433,Hákon Valdimarsson,Valdimarsson,Hákon Rafn Valdimarsson,94,2025-2026,last_initial,96.0,accepted,""
11807,441302,Ian Maatsen,Maatsen,Ian Maatsen,7,"2025-2026,2026-2027",exact_name,100.0,accepted,""
12733,638987,Ibrahim Mbaye,Mbaye,Ibrahim Mbaye,7,2026-2027,exact_name,100.0,accepted,""
13792,612855,Ibrahim Osman,Osman,Ibrahim Osman,36,2026-2027,exact_name,100.0,accepted,""
5722,210462,Ibrahim Sangare,Sangaré,Ibrahim Sangaré,17,"2025-2026,2026-2027",exact_name,100.0,accepted,""
6326,204716,Ibrahima Konaté,Konaté,Ibrahima Konaté,14,2025-2026,exact_name,100.0,accepted,""
668,80801,Idrissa Gueye,Gana,Idrissa Gana Gueye,11,2025-2026,last_initial,96.0,accepted,""
13778,482973,Igor Jesus,Igor Jesus,Igor Jesus Maciel da Cruz,17,"2025-2026,2026-2027",exact_web,99.0,accepted,""
7943,223434,Igor Julio,,,21,2025-2026,override,100.0,accepted,Igor Julio — Understat team West Ham vs FPL Brighton
8000,486520,Ilia Gruev,Gruev,Ilia Gruev,2,2025-2026,exact_name,100.0,accepted,""
9307,440993,Iliman Ndiaye,Ndiaye,Iliman Ndiaye,"11,43","2025-2026,2026-2027",exact_name,100.0,accepted,""
5675,232185,Ismaila Sarr,Sarr,Ismaïla Sarr,31,2025-2026,exact_name,100.0,accepted,""
3203,219924,Issa Diop,Diop,Issa Diop,"40,54","2025-2026,2026-2027",exact_name,100.0,accepted,""
8831,487053,Iyenoma Destiny Udogie,Udogie,Destiny Udogie,6,"2025-2026,2026-2027",contains_name,97.0,accepted,""
13019,443261,Jack Clarke,Clarke,Jack Clarke,40,2026-2027,exact_name,100.0,accepted,""
13150,547037,Jack Fletcher,J.Fletcher,Jack Fletcher,1,2025-2026,exact_name,100.0,accepted,""
675,114283,Jack Grealish,Grealish,Jack Grealish,"11,43","2025-2026,2026-2027",exact_name,100.0,accepted,""
8720,221399,Jack Harrison,Harrison,Jack Harrison,2,2025-2026,exact_name,100.0,accepted,""
11269,532529,Jack Hinshelwood,Hinshelwood,Jack Hinshelwood,36,"2025-2026,2026-2027",exact_name,100.0,accepted,""
14747,480457,Jack Rudoni,Rudoni,Jack Rudoni,9,2026-2027,exact_name,100.0,accepted,""
12113,523705,Jackson Tchatchoua,Tchatchoua,Jackson Tchatchoua,39,2025-2026,exact_name,100.0,accepted,""
5355,179458,Jacob Bruun Larsen,Bruun Larsen,Jacob Bruun Larsen,90,2025-2026,exact_name,100.0,accepted,""
12745,449429,Jacob Greaves,Greaves,Jacob Greaves,40,2026-2027,exact_name,100.0,accepted,""
6063,114243,Jacob Murphy,J.Murphy,Jacob Murphy,4,"2025-2026,2026-2027",exact_name,100.0,accepted,""
8941,232653,Jacob Ramsey,J.Ramsey,Jacob Ramsey,4,"2025-2026,2026-2027",exact_name,100.0,accepted,""
9415,481624,Jaden Philogene-Bidace,Philogene,Jaden Philogene,40,2026-2027,contains_name,97.0,accepted,""
6345,209243,Jadon Sancho,Sancho,Jadon Sancho,7,2025-2026,exact_name,100.0,accepted,""
10746,444180,Jaidon Anthony,Anthony,Jaidon Anthony,"90,94","2025-2026,2026-2027",exact_name,100.0,accepted,""
13779,575458,Jair,Jair Cunha,Jair Paula da Cunha Filho,17,"2025-2026,2026-2027",contains_name,97.0,accepted,""
6807,434752,Jaka Bijol,Bijol,Jaka Bijol,2,"2025-2026,2026-2027",exact_name,100.0,accepted,""
12014,512462,Jake O&#039;Brien,O'Brien,Jake O'Brien,11,"2025-2026,2026-2027",exact_name,100.0,accepted,""
766,101148,Jamaal Lascelles,Lascelles,Jamaal Lascelles,4,2025-2026,exact_name,100.0,accepted,""
13310,559962,Jamaldeen Jimoh,Jimoh-Aloba,Jamaldeen Jimoh-Aloba,7,2025-2026,contains_name,97.0,accepted,""
7438,232928,James Garner,Garner,James Garner,11,"2025-2026,2026-2027",exact_name,100.0,accepted,""
10747,463981,James Hill,Hill,James Hill,91,"2025-2026,2026-2027",exact_name,100.0,accepted,""
7753,220627,James Justin,Justin,James Justin,2,"2025-2026,2026-2027",exact_name,100.0,accepted,""
6818,172780,James Maddison,Maddison,James Maddison,6,"2025-2026,2026-2027",exact_name,100.0,accepted,""
10126,432714,James McAtee,McAtee,James McAtee,17,"2025-2026,2026-2027",exact_name,100.0,accepted,""
489,15157,James Milner,Milner,James Milner,36,2025-2026,exact_name,100.0,accepted,""
14176,499716,James Rowswell,Rowswell,James Rowswell,6,2025-2026,exact_name,100.0,accepted,""
1665,17761,James Tarkowski,Tarkowski,James Tarkowski,11,"2025-2026,2026-2027",exact_name,100.0,accepted,""
9077,432720,James Trafford,Trafford,James Trafford,"2,43","2025-2026,2026-2027",exact_name,100.0,accepted,""
843,101178,James Ward-Prowse,Ward-Prowse,James Ward-Prowse,"21,90",2025-2026,exact_name,100.0,accepted,""
10542,463936,Jamie Bynoe-Gittens,Gittens,Jamie Bynoe-Gittens,8,2025-2026,exact_name,100.0,accepted,""
10807,469142,Jan Paul van Hecke,Van Hecke,Jan Paul van Hecke,"6,36","2025-2026,2026-2027",exact_name,100.0,accepted,""
14788,513086,Jannik Schuster,Schuster,Jannik Schuster,94,2026-2027,exact_name,100.0,accepted,""
8476,480455,Jarrad Branthwaite,Branthwaite,Jarrad Branthwaite,11,"2025-2026,2026-2027",exact_name,100.0,accepted,""
1776,178186,Jarrod Bowen,Bowen,Jarrod Bowen,21,2025-2026,exact_name,100.0,accepted,""
14743,173878,Jay Dasilva,Dasilva,Jay Dasilva,9,2026-2027,exact_name,100.0,accepted,""
13091,651426,Jaydee Canvot,Canvot,Jaydee Canvot,31,"2025-2026,2026-2027",exact_name,100.0,accepted,""
9205,226182,Jayden Bogle,Bogle,Jayden Bogle,2,"2025-2026,2026-2027",exact_name,100.0,accepted,""
14281,551206,Jaydon Banel,Banel,Jaydon Banel,90,2025-2026,exact_name,100.0,accepted,""
6816,462116,Jean-Clair Todibo,Todibo,Jean-Clair Todibo,21,2025-2026,exact_name,100.0,accepted,""
5735,231747,Jean-Philippe Mateta,Mateta,Jean-Philippe Mateta,31,"2025-2026,2026-2027",exact_name,100.0,accepted,""
7762,231057,Jean-Ricner Bellegarde,Bellegarde,Jean-Ricner Bellegarde,39,2025-2026,exact_name,100.0,accepted,""
2182,152551,Jefferson Lerma,Lerma,Jefferson Lerma Solís,31,"2025-2026,2026-2027",contains_name,97.0,accepted,""
14767,552946,Jens Hjertø-Dahl,Hjertø-Dahl,Jens Hjertø-Dahl,88,2026-2027,exact_name,100.0,accepted,""
13714,519634,Jenson Seelt,Seelt,Jenson Seelt,56,2025-2026,exact_name,100.0,accepted,""
9328,216094,Jeremie Frimpong,Frimpong,Jeremie Frimpong,14,"2025-2026,2026-2027",exact_name,100.0,accepted,""
14394,685628,Jerome Abbey,Abbey,Jerome Abbey,39,2025-2026,exact_name,100.0,accepted,""
14584,619734,Jesse Derry,Derry,Jesse Derry,8,2025-2026,exact_name,100.0,accepted,""
13741,230376,Jhon Arias,J.Arias,Jhon Arias,39,2025-2026,exact_name,100.0,accepted,""
6314,174874,Joachim Andersen,Andersen,Joachim Andersen,54,"2025-2026,2026-2027",exact_name,100.0,accepted,""
9339,462635,Joe Gelhardt,Gelhardt,Joe Gelhardt,88,2026-2027,exact_name,100.0,accepted,""
13399,567121,Joe Knight,Knight,Joe Knight,36,2025-2026,exact_name,100.0,accepted,""
6377,214225,Joe Rodon,Rodon,Joe Rodon,2,"2025-2026,2026-2027",exact_name,100.0,accepted,""
6630,200089,Joe Willock,Willock,Joe Willock,4,"2025-2026,2026-2027",exact_name,100.0,accepted,""
10756,208912,Joe Worrall,Worrall,Joe Worrall,90,2025-2026,exact_name,100.0,accepted,""
14748,204813,Joel Latibeaudiere,Latibeaudiere,Joel Latibeaudiere,9,2026-2027,exact_name,100.0,accepted,""
87,180974,Joelinton,Joelinton,Joelinton Cássio Apolinário de Lira,4,2025-2026,exact_web,99.0,accepted,""
13102,614071,Johan Manzambi,Manzambi,Johan Manzambi,7,2026-2027,exact_name,100.0,accepted,""
7703,108416,John Egan,Egan,John Egan,88,2026-2027,exact_name,100.0,accepted,""
7723,122806,John McGinn,McGinn,John McGinn,7,"2025-2026,2026-2027",exact_name,100.0,accepted,""
586,97299,John Stones,Stones,John Stones,43,2025-2026,exact_name,100.0,accepted,""
14017,221389,John Victor,John,John Victor Maciel Furtado,17,2025-2026,contains_name,97.0,accepted,""
13262,631786,Jonah Kusi-Asare,Kusi-Asare,Jonah Kusi-Asare,54,2025-2026,exact_name,100.0,accepted,""
605,56979,Jordan Henderson,Henderson,Jordan Henderson,"8,94","2025-2026,2026-2027",exact_name,100.0,accepted,""
741,111234,Jordan Pickford,Pickford,Jordan Pickford,11,"2025-2026,2026-2027",exact_name,100.0,accepted,""
8489,246301,Jorge Cuenca,J.Cuenca,Jorge Cuenca Barreno,54,"2025-2026,2026-2027",contains_name,97.0,accepted,""
13776,551210,Jorrel Hato,Hato,Jorrel Hato,8,"2025-2026,2026-2027",exact_name,100.0,accepted,""
987,171287,Joseph Gomez,Gomez,Joe Gomez,14,2025-2026,last_initial,96.0,accepted,""
12535,577016,Josh Acheampong,Acheampong,Josh Acheampong,8,"2025-2026,2026-2027",exact_name,100.0,accepted,""
1018,172567,Josh Cullen,Cullen,Josh Cullen,90,2025-2026,exact_name,100.0,accepted,""
10405,183656,Josh Dasilva,Dasilva,Josh Dasilva,94,2025-2026,exact_name,100.0,accepted,""
13728,167887,Josh Laurent,Laurent,Josh Laurent,90,2025-2026,exact_name,100.0,accepted,""
12410,577725,Joshua King,King,Josh King,54,"2025-2026,2026-2027",last_initial,96.0,accepted,""
8044,458249,Joshua Zirkzee,Zirkzee,Joshua Zirkzee,1,"2025-2026,2026-2027",exact_name,100.0,accepted,""
9790,477424,Josko Gvardiol,Gvardiol,Joško Gvardiol,43,"2025-2026,2026-2027",exact_name,100.0,accepted,""
9740,149065,José Sá,José Sá,José Malheiro de Sá,39,2025-2026,exact_web,99.0,accepted,""
12766,510500,Jota Silva,Jota,João Pedro Ferreira da Silva,17,2025-2026,last_initial,96.0,accepted,""
11384,448089,João Gomes,Gomes,Joao Gomes,"7,39","2025-2026,2026-2027",exact_name,100.0,accepted,""
10715,154296,João Palhinha,J.Palhinha,João Maria Lobo Alves Palhares Costa Palhinha Gonçalves,6,2025-2026,web_last_initial,95.5,accepted,""
8272,475168,João Pedro,João Pedro,João Pedro Junqueira de Jesus,8,"2025-2026,2026-2027",exact_web,99.0,accepted,""
14263,672492,Joél Drakes-Thomas,Drakes-Thomas,Joél Drakes-Thomas,31,2025-2026,exact_name,100.0,accepted,""
13835,235826,Joël Piroe,Piroe,Joël Piroe,2,2025-2026,exact_name,100.0,accepted,""
8780,111478,Joël Veltman,Veltman,Joël Veltman,36,2025-2026,exact_name,100.0,accepted,""
11058,474120,Julio Enciso,Enciso,Julio Enciso,40,2026-2027,exact_name,100.0,accepted,""
13474,575901,Julio Soler,Soler,Julio Soler Barreto,91,2025-2026,contains_name,97.0,accepted,""
14134,640419,Jun&#039;ai Byfield,Byfield,Jun'ai Byfield,6,2025-2026,exact_name,100.0,accepted,""
11707,445122,Jurriën Timber,J.Timber,Jurriën Timber,3,"2025-2026,2026-2027",exact_name,100.0,accepted,""
13038,489706,Justin Devenny,Devenny,Justin Devenny,31,2025-2026,exact_name,100.0,accepted,""
6963,222683,Justin Kluivert,Kluivert,Justin Kluivert,91,"2025-2026,2026-2027",exact_name,100.0,accepted,""
8981,248875,Jéremy Doku,Doku,Jérémy Doku,43,2025-2026,exact_name,100.0,accepted,""
11545,606702,Jérémy Jacquet,Jacquet,Jeremy Jacquet,14,2026-2027,exact_name,100.0,accepted,""
11070,247412,Jørgen Strand Larsen,Strand Larsen,Jørgen Strand Larsen,"31,39","2025-2026,2026-2027",exact_name,100.0,accepted,""
14935,554054,Kaden Braithwaite,Braithwaite,Kaden Braithwaite,43,2026-2027,exact_name,100.0,accepted,""
11033,530318,Kaden Rodney,Rodney,Kaden Rodney,31,2025-2026,exact_name,100.0,accepted,""
5220,219847,Kai Havertz,Havertz,Kai Havertz,3,"2025-2026,2026-2027",exact_name,100.0,accepted,""
10806,451340,Kaoru Mitoma,Mitoma,Mitoma Kaoru,36,2025-2026,fuzzy_team,100.0,accepted,""
780,59735,Karl Darlow,Darlow,Karl Darlow,2,2025-2026,exact_name,100.0,accepted,""
10166,461587,Kasey McAteer,McAteer,Kasey McAteer,40,2026-2027,exact_name,100.0,accepted,""
14356,593174,Kaye Furo,Furo,Kaye Furo,94,2025-2026,exact_name,100.0,accepted,""
10809,249231,Keane Lewis-Potter,Lewis-Potter,Keane Lewis-Potter,94,"2025-2026,2026-2027",exact_name,100.0,accepted,""
5973,167074,Kenny Tete,Tete,Kenny Tete,54,"2025-2026,2026-2027",exact_name,100.0,accepted,""
5061,109745,Kepa,Arrizabalaga,Kepa Arrizabalaga Revuelta,3,2025-2026,contains_name,97.0,accepted,""
14030,560552,Kevin,Kevin,Kevin Santos Lopes de Macedo,54,"2025-2026,2026-2027",exact_web,99.0,accepted,""
5261,135720,Kevin Danso,Danso,Kevin Danso,"6,56","2025-2026,2026-2027",exact_name,100.0,accepted,""
9156,513418,Kevin Schade,Schade,Kevin Schade,94,"2025-2026,2026-2027",exact_name,100.0,accepted,""
8351,441271,Ki-Jana Hoever,Hoever,Ki-Jana Hoever,39,2025-2026,exact_name,100.0,accepted,""
652,77794,Kieran Trippier,Trippier,Kieran Trippier,4,2025-2026,exact_name,100.0,accepted,""
9739,215413,Kiernan Dewsbury-Hall,Dewsbury-Hall,Kiernan Dewsbury-Hall,11,"2025-2026,2026-2027",exact_name,100.0,accepted,""
9960,240514,Kjell Scherpen,Scherpen,Kjell Scherpen,40,2026-2027,exact_name,100.0,accepted,""
11174,516895,Kobbie Mainoo,Mainoo,Kobbie Mainoo,1,"2025-2026,2026-2027",exact_name,100.0,accepted,""
6722,233963,Konstantinos Mavropanos,Mavropanos,Konstantinos Mavropanos,21,2025-2026,exact_name,100.0,accepted,""
8852,214285,Konstantinos Tsimikas,Tsimikas,Kostas Tsimikas,14,2026-2027,last_initial,96.0,accepted,""
14758,473284,Konstantinos Tzolakis,Tzolakis,Konstantinos Tzolakis,88,2026-2027,exact_name,100.0,accepted,""
9677,191866,Kristoffer Ajer,Ajer,Kristoffer Ajer,94,"2025-2026,2026-2027",exact_name,100.0,accepted,""
638,58621,Kyle Walker,Walker,Kyle Walker,90,2025-2026,exact_name,100.0,accepted,""
885,158534,Kyle Walker-Peters,Walker-Peters,Kyle Walker-Peters,21,2025-2026,exact_name,100.0,accepted,""
12721,431248,Ladislav Krejcí,Krejčí,Ladislav Krejcí,39,2025-2026,exact_name,100.0,accepted,""
10025,515597,Lamare Bogarde,Bogarde,Lamare Bogarde,7,"2025-2026,2026-2027",exact_name,100.0,accepted,""
7698,116216,Leandro Trossard,Trossard,Leandro Trossard,3,2025-2026,exact_name,100.0,accepted,""
8919,455084,Leif Davis,Davis,Leif Davis,40,2026-2027,exact_name,100.0,accepted,""
10564,550864,Leny Yoro,Yoro,Leny Yoro,1,"2025-2026,2026-2027",exact_name,100.0,accepted,""
5221,215711,Leon Bailey,Bailey,Leon Bailey,7,2025-2026,exact_name,100.0,accepted,""
10805,460028,Levi Colwill,Colwill,Levi Samuels Colwill,8,"2025-2026,2026-2027",last_initial,96.0,accepted,""
14759,193278,Lewie Coyle,Coyle,Lewie Coyle,88,2026-2027,exact_name,100.0,accepted,""
1789,155408,Lewis Cook,Cook,Lewis Cook,91,"2025-2026,2026-2027",exact_name,100.0,accepted,""
6048,83299,Lewis Dunk,Dunk,Lewis Dunk,36,"2025-2026,2026-2027",exact_name,100.0,accepted,""
10216,487838,Lewis Hall,Hall,Lewis Hall,4,"2025-2026,2026-2027",exact_name,100.0,accepted,""
12434,514514,Lewis Koumas,Koumas,Lewis Koumas,14,2026-2027,exact_name,100.0,accepted,""
11386,547719,Lewis Miley,L.Miley,Lewis Miley,4,"2025-2026,2026-2027",exact_name,100.0,accepted,""
8868,463034,Liam Delap,Delap,Liam Delap,"8,17","2025-2026,2026-2027",exact_name,100.0,accepted,""
14764,232905,Liam Millar,Millar,Liam Millar,88,2026-2027,exact_name,100.0,accepted,""
10802,221820,Lisandro Martínez,Martinez,Lisandro Martínez,1,"2025-2026,2026-2027",exact_name,100.0,accepted,""
11936,469130,Lorenzo Lucca,Lucca,Lorenzo Lucca,17,2025-2026,exact_name,100.0,accepted,""
9977,469272,Loum Tchaouna,Tchaouna,Loum Tchaouna,"9,90","2025-2026,2026-2027",exact_name,100.0,accepted,""
8401,470315,Luca Netz,Netz,Luca Netz,17,"2025-2026,2026-2027",exact_name,100.0,accepted,""
12912,570526,Lucas Bergvall,Bergvall,Lucas Bergvall,6,"2025-2026,2026-2027",exact_name,100.0,accepted,""
1823,101188,Lucas Digne,Digne,Lucas Digne,7,2025-2026,exact_name,100.0,accepted,""
8372,469266,Lucas Gourna Douath,Gourna-Douath,Lucas Gourna-Douath,88,2026-2027,exact_name,100.0,accepted,""
14765,597462,Lucas Herrington,Herrington,Lucas Herrington,88,2026-2027,exact_name,100.0,accepted,""
7365,224024,Lucas Paquetá,L.Paquetá,Lucas Tolentino Coelho de Lima,21,2025-2026,web_last_initial,95.5,accepted,""
12369,201595,Lucas Perri,Perri,Lucas Estella Perri,2,2025-2026,last_initial,96.0,accepted,""
11824,549329,Lucas Pires,Lucas Pires,Lucas Pires Silva,90,2025-2026,exact_web,99.0,accepted,""
13026,577114,Luis Guilherme,L.Guilherme,Luis Guilherme Lira dos Santos,21,2025-2026,contains_name,97.0,accepted,""
13725,610799,Luka Vuskovic,Vuskovic,Luka Vušković,36,2026-2027,exact_name,100.0,accepted,""
6544,174594,Lukas Nmecha,Nmecha,Lukas Nmecha,2,"2025-2026,2026-2027",exact_name,100.0,accepted,""
14099,167512,Luke O&#039;Nien,O'Nien,Luke O'Nien,56,"2025-2026,2026-2027",exact_name,100.0,accepted,""
1006,106760,Luke Shaw,Shaw,Luke Shaw,1,"2025-2026,2026-2027",exact_name,100.0,accepted,""
14874,470551,Lukás Hornícek,Horníček,Lukás Hornícek,4,2026-2027,exact_name,100.0,accepted,""
13064,247955,Lutsharel Geertruida,Geertruida,Lutsharel Geertruida,56,2025-2026,exact_name,100.0,accepted,""
7498,435973,Lyle Foster,Foster,Lyle Foster,90,2025-2026,exact_name,100.0,accepted,""
12910,467189,Mads Hermansen,Hermansen,Mads Hermansen,21,2025-2026,exact_name,100.0,accepted,""
15091,636846,Mahdi Nicoll-Jazuli,Nicoll-Jazuli,Mahdi Nicoll-Jazuli,8,2026-2027,exact_name,100.0,accepted,""
12336,549940,Malick Fofana,Fofana,Malick Fofana,56,2026-2027,exact_name,100.0,accepted,""
8378,465642,Malick Thiaw,Thiaw,Malick Thiaw,4,"2025-2026,2026-2027",exact_name,100.0,accepted,""
14856,611695,Malick Yalcouyé,Yalcouyé,Malick Yalcouyé,36,2026-2027,exact_name,100.0,accepted,""
9017,482609,Malo Gusto,Gusto,Malo Gusto,8,"2025-2026,2026-2027",exact_name,100.0,accepted,""
13917,513545,Mamadou Sangaré,M.Sangaré,Mamadou Sangaré,94,2026-2027,exact_name,100.0,accepted,""
11253,574458,Mamadou Sarr,M.Sarr,Mamadou Sarr,8,2025-2026,exact_name,100.0,accepted,""
11766,232112,Manuel Ugarte,Ugarte,Manuel Ugarte Ribeiro,1,2025-2026,contains_name,97.0,accepted,""
7134,179268,Marc Cucurella,Cucurella,Marc Cucurella Saseta,8,2025-2026,contains_name,97.0,accepted,""
7603,209036,Marc Guehi,Guéhi,Marc Guéhi,"31,43","2025-2026,2026-2027",exact_name,100.0,accepted,""
11633,499309,Marc Guiu,Marc Guiu,Marc Guiu Paz,"8,56",2025-2026,exact_web,99.0,accepted,""
14771,501390,Marcelino Núñez,Núñez,Marcelino Núñez,40,2026-2027,exact_name,100.0,accepted,""
9614,72147,Marco Bizot,M.Bizot,Marco Bizot,7,"2025-2026,2026-2027",exact_name,100.0,accepted,""
10864,221466,Marcos Senesi,Senesi,Marcos Senesi Barón,"6,91","2025-2026,2026-2027",contains_name,97.0,accepted,""
13730,174592,Marcus Edwards,Edwards,Marcus Edwards,90,2025-2026,exact_name,100.0,accepted,""
556,176297,Marcus Rashford,Rashford,Marcus Rashford,1,2026-2027,exact_name,100.0,accepted,""
10741,201658,Marcus Tavernier,Tavernier,Marcus Tavernier,91,"2025-2026,2026-2027",exact_name,100.0,accepted,""
7908,433312,Marshall Munetsi,Munetsi,Marshall Munetsi,39,2025-2026,exact_name,100.0,accepted,""
6532,67089,Martin Dubravka,Dúbravka,Martin Dúbravka,90,2025-2026,exact_name,100.0,accepted,""
2517,184029,Martin Odegaard,Ødegaard,Martin Ødegaard,3,"2025-2026,2026-2027",exact_name,100.0,accepted,""
7526,481655,Martín Zubimendi,Zubimendi,Martín Zubimendi Ibáñez,3,"2025-2026,2026-2027",contains_name,97.0,accepted,""
7768,184341,Mason Mount,Mount,Mason Mount,1,2025-2026,exact_name,100.0,accepted,""
2254,91651,Mateo Kovacic,Kovačić,Mateo Kovačić,43,"2025-2026,2026-2027",exact_name,100.0,accepted,""
12948,551226,Mateus Fernandes,Fernandes,Mateus Fernandes,"6,21","2025-2026,2026-2027",exact_name,100.0,accepted,""
13484,647671,Mateus Mané,Mané,Mateus Mané,39,2025-2026,exact_name,100.0,accepted,""
7080,430871,Matheus Cunha,Cunha,Matheus Santos Carneiro da Cunha,1,"2025-2026,2026-2027",last_initial,96.0,accepted,""
11000,465351,Matheus Nunes,Matheus N.,Matheus Nunes,43,"2025-2026,2026-2027",exact_name,100.0,accepted,""
7166,207283,Mathias Jensen,Jensen,Mathias Jensen,94,"2025-2026,2026-2027",exact_name,100.0,accepted,""
8094,466052,Mathis Cherki,Cherki,Rayan Cherki,43,"2025-2026,2026-2027",last_unique,66.66666666666666,accepted,""
9780,511499,Mathys Tel,Tel,Mathys Tel,6,"2025-2026,2026-2027",exact_name,100.0,accepted,""
13051,613221,Matias Fernandez-Pardo,Fernandez-Pardo,Matias Fernandez-Pardo,4,2026-2027,exact_name,100.0,accepted,""
12758,467779,Mats Wieffer,Wieffer,Mats Wieffer,36,"2025-2026,2026-2027",exact_name,100.0,accepted,""
14761,101282,Matt Crooks,Crooks,Matt Crooks,88,2026-2027,exact_name,100.0,accepted,""
6852,87835,Matt Doherty,Doherty,Matt Doherty,39,2025-2026,exact_name,100.0,accepted,""
1045,168144,Matt Grimes,Grimes,Matt Grimes,9,2026-2027,exact_name,100.0,accepted,""
13206,219249,Matt O&#039;Riley,O'Riley,Matt O'Riley,36,"2025-2026,2026-2027",exact_name,100.0,accepted,""
884,169359,Matt Targett,Targett,Matt Targett,88,2026-2027,exact_name,100.0,accepted,""
8872,487992,Matteo Ruggeri,Ruggeri,Matteo Ruggeri,7,2026-2027,exact_name,100.0,accepted,""
8864,199796,Matthew Cash,Cash,Matty Cash,7,"2025-2026,2026-2027",last_initial,96.0,accepted,""
7902,209365,Matthijs de Ligt,De Ligt,Matthijs de Ligt,1,2025-2026,exact_name,100.0,accepted,""
6903,85633,Matz Sels,Sels,Matz Sels,17,"2025-2026,2026-2027",exact_name,100.0,accepted,""
13298,494307,Max Alleyne,Alleyne,Max Alleyne,43,2025-2026,exact_name,100.0,accepted,""
13872,616077,Max Dowman,Dowman,Max Dowman,3,"2025-2026,2026-2027",exact_name,100.0,accepted,""
7332,214048,Max Kilman,Kilman,Maximilian Kilman,21,2025-2026,last_initial,96.0,accepted,""
13731,518030,Max Weiss,Weiss,Max Weiß,90,2025-2026,exact_name,100.0,accepted,""
8853,437499,Maxence Lacroix,Lacroix,Maxence Lacroix,"8,31","2025-2026,2026-2027",exact_name,100.0,accepted,""
13711,465730,Maxim De Cuyper,De Cuyper,Maxim De Cuyper,36,"2025-2026,2026-2027",exact_name,100.0,accepted,""
9487,477717,Maxime Estève,Estève,Maxime Estève,90,2025-2026,exact_name,100.0,accepted,""
14425,515046,Melker Ellborg,Ellborg,Melker Ellborg,56,2025-2026,exact_name,100.0,accepted,""
8190,437497,Melvin Bard,Bard,Melvin Bard,2,2026-2027,exact_name,100.0,accepted,""
11331,513466,Merlin Röhl,Röhl,Merlin Röhl,11,"2025-2026,2026-2027",exact_name,100.0,accepted,""
11281,607464,Michael Kayode,Kayode,Michael Kayode,94,"2025-2026,2026-2027",exact_name,100.0,accepted,""
1653,106611,Michael Keane,Keane,Michael Keane,11,2025-2026,exact_name,100.0,accepted,""
9887,454490,Michael Svoboda,Svoboda,Michael Svoboda,36,2026-2027,exact_name,100.0,accepted,""
10050,491279,Micky van de Ven,Van de Ven,Micky van de Ven,6,"2025-2026,2026-2027",exact_name,100.0,accepted,""
12094,437748,Mike Trésor,Trésor,Mike Trésor Ndayishimiye,90,2025-2026,contains_name,97.0,accepted,""
5304,195384,Mikel Merino,Merino,Mikel Merino Zazón,3,"2025-2026,2026-2027",contains_name,97.0,accepted,""
12603,499721,Mikey Moore,Moore,Mikey Moore,6,2026-2027,exact_name,100.0,accepted,""
8859,440089,Mikkel Damsgaard,Damsgaard,Mikkel Damsgaard,94,"2025-2026,2026-2027",exact_name,100.0,accepted,""
14742,451284,Milan van Ewijk,van Ewijk,Milan van Ewijk,9,2026-2027,exact_name,100.0,accepted,""
11709,544877,Milos Kerkez,Kerkez,Milos Kerkez,14,"2025-2026,2026-2027",exact_name,100.0,accepted,""
14219,630699,Mohamadou Kanté,Mohamadou Kanté,Mohamadou Kanté,21,2025-2026,exact_name,100.0,accepted,""
8685,490884,Mohamed Ali-Cho,Cho,Mohamed-Ali Cho,88,2026-2027,exact_name,100.0,accepted,""
14760,540324,Mohamed Belloumi,Belloumi,Mohamed Belloumi,88,2026-2027,exact_name,100.0,accepted,""
1250,118748,Mohamed Salah,M.Salah,Mohamed Salah,14,2025-2026,exact_name,100.0,accepted,""
12027,460842,Mohammed Kudus,Kudus,Mohammed Kudus,6,"2025-2026,2026-2027",exact_name,100.0,accepted,""
9453,486672,Moisés Caicedo,Caicedo,Moisés Caicedo Corozo,8,"2025-2026,2026-2027",contains_name,97.0,accepted,""
13068,485047,Morato,Morato,Felipe Rodrigues da Silva,17,2025-2026,exact_web,99.0,accepted,""
6857,222531,Morgan Gibbs-White,Gibbs-White,Morgan Gibbs-White,17,"2025-2026,2026-2027",exact_name,100.0,accepted,""
12412,244850,Morgan Rogers,Rogers,Morgan Rogers,"7,8","2025-2026,2026-2027",exact_name,100.0,accepted,""
12123,575476,Murillo,Murillo,Murillo Costa dos Santos,17,"2025-2026,2026-2027",exact_web,99.0,accepted,""
11305,465920,Mykhailo Mudryk,Mudryk,Mykhailo Mudryk,6,2026-2027,exact_name,100.0,accepted,""
12272,499169,Myles Lewis-Skelly,Lewis-Skelly,Myles Lewis-Skelly,3,"2025-2026,2026-2027",exact_name,100.0,accepted,""
10205,450539,Myles Peart-Harris,Peart-Harris,Myles Peart-Harris,94,2025-2026,exact_name,100.0,accepted,""
6935,210494,Naif Aguerd,N.Aguerd,Nayef Aguerd,21,2025-2026,last_initial,96.0,accepted,""
579,126184,Nathan Aké,Aké,Nathan Aké,43,2025-2026,exact_name,100.0,accepted,""
9733,432830,Nathan Collins,Collins,Nathan Collins,94,"2025-2026,2026-2027",exact_name,100.0,accepted,""
10292,243571,Nathan Patterson,Patterson,Nathan Patterson,11,2025-2026,exact_name,100.0,accepted,""
603,57328,Nathaniel Clyne,Clyne,Nathaniel Clyne,31,2025-2026,exact_name,100.0,accepted,""
8204,215136,Neco Williams,N.Williams,Neco Williams,17,"2025-2026,2026-2027",exact_name,100.0,accepted,""
14127,556637,Nehemiah Oriola,Oriola,Nehemiah Oriola,36,2025-2026,exact_name,100.0,accepted,""
5552,98747,Nick Pope,Pope,Nick Pope,4,2025-2026,exact_name,100.0,accepted,""
8117,470313,Nick Woltemade,Woltemade,Nick Woltemade,4,"2025-2026,2026-2027",exact_name,100.0,accepted,""
6098,91889,Niclas Füllkrug,Füllkrug,Niclas Füllkrug,21,2025-2026,exact_name,100.0,accepted,""
212,173774,Nico Elvedi,Elvedi,Nico Elvedi,2,2026-2027,exact_name,100.0,accepted,""
9802,465694,Nico González,N.Gonzalez,Nico González Iglesias,"4,43","2025-2026,2026-2027",contains_name,97.0,accepted,""
11592,472769,Nico O&#039;Reilly,O'Reilly,Nico O'Reilly,43,"2025-2026,2026-2027",exact_name,100.0,accepted,""
10048,517052,Nicolas Jackson,N.Jackson,Nicolas Jackson,7,2026-2027,exact_name,100.0,accepted,""
8252,250199,Nicolás Domínguez,Dominguez,Nicolás Domínguez,17,"2025-2026,2026-2027",exact_name,100.0,accepted,""
12905,500151,Nicolò Savona,Savona,Nicolò Savona,17,2025-2026,exact_name,100.0,accepted,""
6174,227444,Nikola Milenkovic,Milenković,Nikola Milenković,17,"2025-2026,2026-2027",exact_name,100.0,accepted,""
14424,536661,Nilson Angulo,Angulo,Nilson Angulo,56,"2025-2026,2026-2027",exact_name,100.0,accepted,""
11966,435997,Noah Okafor,Okafor,Noah Okafor,2,"2025-2026,2026-2027",exact_name,100.0,accepted,""
13716,577669,Noah Sadiki,Sadiki,Noah Sadiki,56,"2025-2026,2026-2027",exact_name,100.0,accepted,""
12286,606930,Nobel Mendy,Mendy,Nobel Mendy,88,2026-2027,exact_name,100.0,accepted,""
11357,248857,Noni Madueke,Madueke,Noni Madueke,3,"2025-2026,2026-2027",exact_name,100.0,accepted,""
5659,200834,Nordi Mukiele,Mukiele,Nordi Mukiele,56,"2025-2026,2026-2027",exact_name,100.0,accepted,""
10696,230001,Noussair Mazraoui,Mazraoui,Noussair Mazraoui,1,"2025-2026,2026-2027",exact_name,100.0,accepted,""
3697,199670,Odsonne Edouard,Édouard,Odsonne Édouard,31,2025-2026,exact_name,100.0,accepted,""
725,159506,Ola Aina,Aina,Ola Aina,17,"2025-2026,2026-2027",exact_name,100.0,accepted,""
2958,206325,Oleksandr Zinchenko,Zinchenko,Oleksandr Zinchenko,17,2025-2026,exact_name,100.0,accepted,""
1736,169432,Oliver McBurnie,McBurnie,Oli McBurnie,88,2026-2027,last_initial,96.0,accepted,""
12358,536109,Oliver Scarles,Scarles,Ollie Scarles,21,2025-2026,last_initial,96.0,accepted,""
13726,519895,Oliver Sonne,Sonne,Oliver Sonne,90,2025-2026,exact_name,100.0,accepted,""
3645,204120,Olivier Boscagli,Boscagli,Olivier Boscagli,36,"2025-2026,2026-2027",exact_name,100.0,accepted,""
8865,178301,Ollie Watkins,Watkins,Ollie Watkins,7,2025-2026,exact_name,100.0,accepted,""
8986,201895,Omar Alderete,Alderete,Omar Alderete,56,"2025-2026,2026-2027",exact_name,100.0,accepted,""
8393,438234,Omar Marmoush,Marmoush,Omar Marmoush,"6,43","2025-2026,2026-2027",exact_name,100.0,accepted,""
10348,503301,Omari Hutchinson,Hutchinson,Omari Hutchinson,17,2025-2026,exact_name,100.0,accepted,""
11903,477555,Oscar Bobb,Bobb,Oscar Bobb,"43,54","2025-2026,2026-2027",exact_name,100.0,accepted,""
14775,568420,Ousmane Diomande,Diomande,Ousmane Diomande,17,2026-2027,exact_name,100.0,accepted,""
14290,530335,Pablo,Pablo,Pablo Felipe Pereira de Jesus,21,2025-2026,exact_web,99.0,accepted,""
559,160817,Paddy McNair,McNair,Paddy McNair,88,2026-2027,exact_name,100.0,accepted,""
9021,482442,Pape Sarr,P.M.Sarr,Pape Matar Sarr,6,2025-2026,last_initial,96.0,accepted,""
239,60307,Pascal Groß,Groß,Pascal Groß,36,"2025-2026,2026-2027",exact_name,100.0,accepted,""
8717,222694,Pascal Struijk,Struijk,Pascal Struijk,"2,36","2025-2026,2026-2027",exact_name,100.0,accepted,""
11944,596777,Patrick Dorgu,Dorgu,Patrick Dorgu,1,"2025-2026,2026-2027",exact_name,100.0,accepted,""
925,124165,Patrick Roberts,Roberts,Patrick Roberts,56,2025-2026,exact_name,100.0,accepted,""
6221,244954,Pau Torres,Pau,Pau Torres,7,"2025-2026,2026-2027",exact_name,100.0,accepted,""
13156,641221,Pedro Lima,Pedro Lima,Pedro Cardoso de Lima,39,2025-2026,exact_web,99.0,accepted,""
6382,247632,Pedro Neto,Neto,Pedro Lomba Neto,8,"2025-2026,2026-2027",last_initial,96.0,accepted,""
6912,441164,Pedro Porro,Pedro Porro,Pedro Porro Sauceda,6,"2025-2026,2026-2027",exact_web,99.0,accepted,""
11087,498444,Pep Chavarría,Chavarria,Pep Chavarría,8,2026-2027,exact_name,100.0,accepted,""
6055,209244,Phil Foden,Foden,Phil Foden,43,"2025-2026,2026-2027",exact_name,100.0,accepted,""
9911,448104,Piero Hincapié,Hincapie,Piero Hincapié,3,"2025-2026,2026-2027",exact_name,100.0,accepted,""
14857,538007,Promise David,David,Promise David,36,2026-2027,exact_name,100.0,accepted,""
13727,494960,Quilindschy Hartman,Hartman,Quilindschy Hartman,90,2025-2026,exact_name,100.0,accepted,""
14376,450063,Quinten Timber,Timber,Quinten Timber,31,2026-2027,exact_name,100.0,accepted,""
9105,493125,Radu Dragusin,Dragusin,Radu Drăgușin,6,2025-2026,exact_name,100.0,accepted,""
5743,247693,Randal Kolo Muani,Kolo Muani,Randal Kolo Muani,6,2025-2026,exact_name,100.0,accepted,""
14395,499604,Rayan,Rayan,Rayan Vitor Simplício Rocha,91,"2025-2026,2026-2027",exact_web,99.0,accepted,""
6674,448514,Rayan Ait Nouri,Aït-Nouri,Rayan Aït-Nouri,43,2025-2026,exact_name,100.0,accepted,""
4105,102057,Raúl Jiménez,Raúl,Raúl Jiménez Rodríguez,54,2025-2026,contains_name,97.0,accepted,""
8067,225796,Reece James,James,Reece James,8,"2025-2026,2026-2027",exact_name,100.0,accepted,""
14762,243413,Regan Slater,Slater,Regan Slater,88,2026-2027,exact_name,100.0,accepted,""
7432,434399,Reinildo,Reinildo,Reinildo Mandava,56,"2025-2026,2026-2027",exact_web,99.0,accepted,""
6492,200641,Reiss Nelson,Nelson,Reiss Nelson,94,2025-2026,exact_name,100.0,accepted,""
8129,466075,Riccardo Calafiori,Calafiori,Riccardo Calafiori,3,"2025-2026,2026-2027",exact_name,100.0,accepted,""
6026,212319,Richarlison,Richarlison,Richarlison de Andrade,6,"2025-2026,2026-2027",exact_web,99.0,accepted,""
9679,194010,Rico Henry,Henry,Rico Henry,94,"2025-2026,2026-2027",exact_name,100.0,accepted,""
10847,477064,Rico Lewis,Lewis,Rico Lewis,43,"2025-2026,2026-2027",exact_name,100.0,accepted,""
13777,590014,Rio Cardines,Cardines,Rio Cardines,31,2025-2026,exact_name,100.0,accepted,""
13692,611922,Rio Ngumoha,Ngumoha,Rio Ngumoha,14,"2025-2026,2026-2027",exact_name,100.0,accepted,""
9098,215059,Robert Sánchez,Sánchez,Robert Lynch Sánchez,8,"2025-2026,2026-2027",last_initial,96.0,accepted,""
13712,498016,Robin Roefs,Roefs,Robin Roefs,56,"2025-2026,2026-2027",exact_name,100.0,accepted,""
13330,631000,Robinio Vaz,Vaz,Robinio Vaz,88,2026-2027,exact_name,100.0,accepted,""
2496,220566,Rodri,Rodrigo,Rodrigo 'Rodri' Hernandez Cascante,43,2025-2026,contains_name,97.0,accepted,""
6108,202993,Rodrigo Bentancur,Bentancur,Rodrigo Bentancur,6,"2025-2026,2026-2027",exact_name,100.0,accepted,""
12756,483081,Rodrigo Gomes,R.Gomes,Rodrigo Martins Gomes,39,2025-2026,last_initial,96.0,accepted,""
10717,244042,Rodrigo Muniz,Muniz,Rodrigo Muniz Carvalho,54,"2025-2026,2026-2027",contains_name,97.0,accepted,""
13387,606921,Romain Esse,Esse,Romain Esse,31,2025-2026,exact_name,100.0,accepted,""
11461,461199,Romaine Mundle,Mundle,Romaine Mundle,56,"2025-2026,2026-2027",exact_name,100.0,accepted,""
14217,606689,Romelle Donovan,Donovan,Romelle Donovan,94,2025-2026,exact_name,100.0,accepted,""
10004,514356,Romeo Lavia,Lavia,Roméo Lavia,8,"2025-2026,2026-2027",exact_name,100.0,accepted,""
8091,445087,Ronald Araújo,Araujo,Ronald Araujo,14,2026-2027,exact_name,100.0,accepted,""
592,88894,Ross Barkley,Barkley,Ross Barkley,7,"2025-2026,2026-2027",exact_name,100.0,accepted,""
10744,158499,Ryan Christie,Christie,Ryan Christie,91,"2025-2026,2026-2027",exact_name,100.0,accepted,""
10697,441266,Ryan Gravenberch,Gravenberch,Ryan Gravenberch,14,"2025-2026,2026-2027",exact_name,100.0,accepted,""
7277,232351,Ryan John Giles,Giles,Ryan Giles,88,2026-2027,last_initial,96.0,accepted,""
14097,616288,Ryan McAidoo,McAidoo,Ryan McAidoo,43,2026-2027,exact_name,100.0,accepted,""
6837,184349,Ryan Sessegnon,Sessegnon,Ryan Sessegnon,54,"2025-2026,2026-2027",exact_name,100.0,accepted,""
11003,204968,Ryan Yates,Yates,Ryan Yates,17,2025-2026,exact_name,100.0,accepted,""
8961,171314,Rúben Dias,Rúben,Rúben dos Santos Gato Alves Dias,43,"2025-2026,2026-2027",last_initial,96.0,accepted,""
902,113564,Sam Byram,Byram,Sam Byram,2,2025-2026,exact_name,100.0,accepted,""
978,101982,Sam Johnstone,Johnstone,Sam Johnstone,39,2025-2026,exact_name,100.0,accepted,""
7208,218328,Samuel Chukwueze,Chukwueze,Samuel Chukwueze,54,2025-2026,exact_name,100.0,accepted,""
8285,207189,Sander Berge,Berge,Sander Berge,54,"2025-2026,2026-2027",exact_name,100.0,accepted,""
7958,432422,Sandro Tonali,Tonali,Sandro Tonali,"4,6","2025-2026,2026-2027",exact_name,100.0,accepted,""
10945,231480,Santiago Bueno,S.Bueno,Santiago Ignacio Bueno,39,2025-2026,last_initial,96.0,accepted,""
8812,429414,Sasa Kalajdzic,Kalajdžić,Saša Kalajdžić,39,2025-2026,exact_name,100.0,accepted,""
1537,212314,Sasa Lukic,Lukić,Saša Lukić,"40,54","2025-2026,2026-2027",exact_name,100.0,accepted,""
585,59949,Seamus Coleman,Coleman,Séamus Coleman,11,2025-2026,exact_name,100.0,accepted,""
7078,180135,Sean Longstaff,Longstaff,Sean Longstaff,2,"2025-2026,2026-2027",exact_name,100.0,accepted,""
13532,599303,Sean Neave,Neave,Sean Neave,4,2025-2026,exact_name,100.0,accepted,""
14875,636852,Sean Steur,Steur,Sean Steur,4,2026-2027,exact_name,100.0,accepted,""
7791,437738,Sebastiaan Bornauw,Bornauw,Sebastiaan Bornauw,2,2025-2026,exact_name,100.0,accepted,""
4490,146426,Semi Ajayi,Ajayi,Semi Ajayi,88,2026-2027,exact_name,100.0,accepted,""
14056,465247,Senne Lammens,Lammens,Senne Lammens,1,"2025-2026,2026-2027",exact_name,100.0,accepted,""
10721,444765,Sepp van den Berg,Van den Berg,Sepp van den Berg,94,2025-2026,exact_name,100.0,accepted,""
11594,463210,Shea Charles,Charles,Shea Charles,54,2026-2027,exact_name,100.0,accepted,""
14198,576628,Shea Lacey,Lacey,Shea Lacey,1,"2025-2026,2026-2027",exact_name,100.0,accepted,""
13476,567119,Shumaira Mheuka,Mheuka,Shumaira Mheuka,8,2025-2026,exact_name,100.0,accepted,""
12847,627221,Sidiki Chérif,Cherif,Sidiki Cherif,9,2026-2027,exact_name,100.0,accepted,""
11710,535818,Simon Adingra,Adingra,Simon Adingra,56,2025-2026,exact_name,100.0,accepted,""
14773,557012,Sindre Egeli,Walle Egeli,Sindre Walle Egeli,40,2026-2027,last_initial,96.0,accepted,""
6049,109345,Solly March,March,Solly March,36,2025-2026,exact_name,100.0,accepted,""
12843,243951,Sorba Thomas,Thomas,Sorba Thomas,88,2026-2027,exact_name,100.0,accepted,""
10770,564940,Soungoutou Magassa,S.Magassa,Soungoutou Magassa,21,2025-2026,exact_name,100.0,accepted,""
14410,616221,Souza,Souza,João Victor de Souza Menezes,6,2025-2026,exact_web,99.0,accepted,""
8786,88248,Stefan Ortega Moreno,Ortega Moreno,Stefan Ortega Moreno,17,2025-2026,exact_name,100.0,accepted,""
14028,608181,Stefanos Tzimas,Tzimas,Stefanos Tzimas,36,2025-2026,exact_name,100.0,accepted,""
14054,566213,Stephen Mfuni,Mfuni,Stephen Mfuni,9,2026-2027,exact_name,100.0,accepted,""
8635,220237,Sven Botman,Botman,Sven Botman,4,"2025-2026,2026-2027",exact_name,100.0,accepted,""
11735,510281,Sávio,Sávio,Sávio Moreira de Oliveira,"6,43","2025-2026,2026-2027",exact_web,99.0,accepted,""
7814,210156,Taiwo Awoniyi,Awoniyi,Taiwo Awoniyi,"9,17","2025-2026,2026-2027",exact_name,100.0,accepted,""
7931,223723,Takehiro Tomiyasu,Tomiyasu,Takehiro Tomiyasu,31,2026-2027,exact_name,100.0,accepted,""
702,173879,Tammy Abraham,Abraham,Tammy Abraham,7,"2025-2026,2026-2027",exact_name,100.0,accepted,""
13879,522047,Tarik Muharemovic,Muharemović,Tarik Muharemović,2,2026-2027,exact_name,100.0,accepted,""
14749,501459,Tatsuhiro Sakamoto,Sakamoto,Tatsuhiro Sakamoto,9,2026-2027,exact_name,100.0,accepted,""
12234,497606,Tawanda Chirewa,Chirewa,Tawanda Chirewa,39,2025-2026,exact_name,100.0,accepted,""
13222,502500,Thiago,Thiago,Igor Thiago Nascimento Rodrigues,94,"2025-2026,2026-2027",exact_web,99.0,accepted,""
12916,586309,Thierno Barry,Barry,Thierno Barry,11,"2025-2026,2026-2027",exact_name,100.0,accepted,""
5680,93605,Thomas Meunier,Meunier,Thomas Meunier,56,2026-2027,exact_name,100.0,accepted,""
11965,433036,Tijjani Reijnders,Reijnders,Tijjani Reijnders,43,2025-2026,exact_name,100.0,accepted,""
9554,490094,Tim Iroegbunam,Iroegbunam,Tim Iroegbunam,"11,88","2025-2026,2026-2027",exact_name,100.0,accepted,""
6157,166477,Timothy Castagne,Castagne,Timothy Castagne,54,"2025-2026,2026-2027",exact_name,100.0,accepted,""
8875,488213,Tolu Arokodare,Tolu,Tolu Arokodare,39,2025-2026,exact_name,100.0,accepted,""
6835,76357,Tom Cairney,Cairney,Tom Cairney,54,2025-2026,exact_name,100.0,accepted,""
13220,596054,Tom Edozie,Edozie,Tom Edozie,39,2025-2026,exact_name,100.0,accepted,""
14029,549074,Tom Watson,Watson,Tom Watson,36,2025-2026,exact_name,100.0,accepted,""
8288,215439,Tomas Soucek,Souček,Tomáš Souček,21,2025-2026,exact_name,100.0,accepted,""
5590,109646,Tosin Adarabioyo,Tosin,Tosin Adarabioyo,"6,8","2025-2026,2026-2027",exact_name,100.0,accepted,""
10293,510362,Toti,Toti,Toti Gomes,39,2025-2026,exact_web,99.0,accepted,""
13713,487676,Trai Hume,Hume,Trai Hume,56,"2025-2026,2026-2027",exact_name,100.0,accepted,""
6615,180736,Trevoh Chalobah,Chalobah,Trevoh Chalobah,8,2025-2026,exact_name,100.0,accepted,""
12203,591386,Treymaurice Nyoni,Nyoni,Trey Nyoni,14,"2025-2026,2026-2027",last_initial,96.0,accepted,""
7352,200785,Tyler Adams,Adams,Tyler Adams,91,"2025-2026,2026-2027",exact_name,100.0,accepted,""
10586,496661,Tyler Dibling,Dibling,Tyler Dibling,11,"2025-2026,2026-2027",exact_name,100.0,accepted,""
14272,519913,Tyler Fletcher,Fletcher,Tyler Fletcher,1,2025-2026,exact_name,100.0,accepted,""
13467,547676,Tyler Fredricson,Fredricson,Tyler Fredricson,1,2025-2026,exact_name,100.0,accepted,""
10803,222690,Tyrell Malacia,Malacia,Tyrell Malacia,1,2025-2026,exact_name,100.0,accepted,""
8214,244723,Tyrick Mitchell,Mitchell,Tyrick Mitchell,31,"2025-2026,2026-2027",exact_name,100.0,accepted,""
12573,550615,Tyrique George,George,Tyrique George,"8,11","2025-2026,2026-2027",exact_name,100.0,accepted,""
1024,149484,Tyrone Mings,Mings,Tyrone Mings,7,"2025-2026,2026-2027",exact_name,100.0,accepted,""
9512,441191,Valentino Livramento,Livramento,Tino Livramento,4,"2025-2026,2026-2027",contains_name,97.0,accepted,""
12498,543158,Valentín Barco,Barco,Valentín Barco,8,2026-2027,exact_name,100.0,accepted,""
10948,247670,Valentín Castellanos,Taty,Valentín Castellanos,21,2025-2026,exact_name,100.0,accepted,""
14027,620487,Veljko Milosavljevic,Milosavljević,Veljko Milosavljevic,91,2025-2026,exact_name,100.0,accepted,""
6080,184667,Victor Lindelöf,Lindelöf,Victor Lindelöf,7,"2025-2026,2026-2027",exact_name,100.0,accepted,""
14746,226965,Victor Torp,Torp,Victor Torp,9,2026-2027,exact_name,100.0,accepted,""
7254,224117,Viktor Gyokeres,Gyökeres,Viktor Gyökeres,3,"2025-2026,2026-2027",exact_name,100.0,accepted,""
833,97032,Virgil van Dijk,Virgil,Virgil van Dijk,14,"2025-2026,2026-2027",exact_name,100.0,accepted,""
10291,224967,Vitalii Mykolenko,Mykolenko,Vitalii Mykolenko,11,"2025-2026,2026-2027",exact_name,100.0,accepted,""
9680,204580,Vitaly Janelt,Janelt,Vitaly Janelt,94,"2025-2026,2026-2027",exact_name,100.0,accepted,""
13380,616222,Vitor Reis,Vitor Reis,Vitor de Oliveira Nunes dos Reis,43,2026-2027,exact_web,99.0,accepted,""
13279,551499,Víctor Muñoz,Munoz,Victor Munoz,14,2026-2027,exact_name,100.0,accepted,""
5652,121709,Walter Benítez,Benitez,Walter Benítez,31,"2025-2026,2026-2027",exact_name,100.0,accepted,""
8808,158983,Wataru Endo,Endo,Endo Wataru,14,2025-2026,fuzzy_team,100.0,accepted,""
7589,444463,Wesley Fofana,Fofana,Wesley Fofana,8,"2025-2026,2026-2027",exact_name,100.0,accepted,""
11155,492859,Wilfried Gnonto,Gnonto,Wilfried Gnonto,2,2025-2026,exact_name,100.0,accepted,""
6104,108413,Will Hughes,Hughes,Will Hughes,31,"2025-2026,2026-2027",exact_name,100.0,accepted,""
9556,538207,William Osula,Osula,William Osula,4,"2025-2026,2026-2027",exact_name,100.0,accepted,""
6888,462424,William Saliba,Saliba,William Saliba,3,2025-2026,exact_name,100.0,accepted,""
7148,437505,Wilson Isidor,Isidor,Wilson Isidor,56,"2025-2026,2026-2027",exact_name,100.0,accepted,""
10822,550839,Wilson Odobert,Odobert,Wilson Odobert,6,2025-2026,exact_name,100.0,accepted,""
7783,204561,Xaver Schlager,Schlager,Xaver Schlager,17,2026-2027,exact_name,100.0,accepted,""
8700,493362,Xavi Simons,Xavi,Xavi Simons,6,2025-2026,exact_name,100.0,accepted,""
12759,592031,Yankuba Minteh,Minteh,Yankuba Minteh,36,2025-2026,exact_name,100.0,accepted,""
11385,509416,Yasin Ayari,Ayari,Yasin Ayari,36,"2025-2026,2026-2027",exact_name,100.0,accepted,""
11772,508395,Yehor Yarmolyuk,,,94,"2025-2026,2026-2027",override,100.0,accepted,Yarmolyuk vs Yarmoliuk (Brentford)
9024,488024,Yeremi Pino,,,31,"2025-2026,2026-2027",override,100.0,accepted,Yeremi vs Yéremy Pino Santos (Crystal Palace)
9958,501837,Yerson Mosquera,Mosquera,Yerson Mosquera Valdelamar,39,2025-2026,contains_name,97.0,accepted,""
5786,216646,Yoane Wissa,Wissa,Yoane Wissa,4,"2025-2026,2026-2027",exact_name,100.0,accepted,""
5956,166989,Youri Tielemans,Tielemans,Youri Tielemans,"1,7","2025-2026,2026-2027",exact_name,100.0,accepted,""
5609,227127,Yves Bissouma,Bissouma,Yves Bissouma,6,2025-2026,exact_name,100.0,accepted,""
13306,549067,Zach Abbott,Abbott,Zach Abbott,17,2025-2026,exact_name,100.0,accepted,""
14855,700308,Zadok Yohanna,Yohanna,Zadok Yohanna,36,2026-2027,exact_name,100.0,accepted,""
14934,559152,Zavier Gozo,Gozo,Zavier Gozo,31,2026-2027,exact_name,100.0,accepted,""
11701,492831,Zeki Amdouni,Amdouni,Zeki Amdouni,90,2025-2026,exact_name,100.0,accepted,""
13729,431639,Zian Flemming,Flemming,Zian Flemming,"40,90","2025-2026,2026-2027",exact_name,100.0,accepted,""
12781,433969,Zion Suzuki,Suzuki,Zion Suzuki,7,2026-2027,exact_name,100.0,accepted,""
9011,242313,Óscar Mingueza,Mingueza,Oscar Mingueza,31,2026-2027,exact_name,100.0,accepted,""
